Unique Custodians,Match
ABN AMRO BANK,ABN AMRO Bank
ABN AMRO CLEARING CHICAGO LLC,ABN AMRO Bank
ADVANTAGE FUTURES LLC,Advantage Futures
"ALBERT FRIED & COMPANY, LLC",Albert Fried & Company
ALIANZA FIDUCIARIA,Alianza Fiduciaria
ALTREE CUSTODY SERVICE LTD,Altree Custody Services
ALTREE CUSTODY SERVICES LTD,Altree Custody Services
ALTREE CUSTODY SERVICES LTD.,Altree Custody Services
"AMERICAN STOCK TRANSFER & TRUST CO., LLC",American Stock Transfer & Trust Company
"AMERICAN STOCK TRANSFER & TRUST COMPANY, LLC",American Stock Transfer & Trust Company
ANALYTICA,Analytica
APEX FUND SERVICES (MAURITIUS) LIMITED,Apex Fund Services
AUERBACH GRAYSON & COMPANY LLC,Auerbach Grayson and Company
AUSTRALIA AND NEW ZEALAND BANKING GROUP LIMITED,Australia and New Zealand Banking Group
BANCO BM&FBOVESPA,BM&FBOVESPA
BANCO BRADESCO S.A.,Banco Bradesco
BANCO BTG PACTUAL S.A.,BTG Pactual
BANCO DE CHILE,Banco de Chile
BANCO ITAU S.A.,Banco Itau
BANCO ITAU S/A,Banco Itau
BANCO PAULISTA S.A.,Banco Paulista
BANCO SANTANDER,Banco Santander
"BANCO SANTANDER (MÉXICO), S.A.",Banco Santander
BANCO SANTANDER (SUISSE) S.A.,Banco Santander
"BANCO SANTANDER (SUISSE), S.A.",Banco Santander
BANK OF AMERICA,Bank of America Merrill Lynch
BANK OF AMERICA CORP,Bank of America Merrill Lynch
BANK OF AMERICA CORPORATION,Bank of America Merrill Lynch
BANK OF AMERICA CUSTODIAL SERVICES (IRELAND) LIMITED,Bank of America Merrill Lynch
BANK OF AMERICA MERRILL LYNCH,Bank of America Merrill Lynch
BANK OF AMERICA MERRILL LYNCH,Bank of America Merrill Lynch
BANK OF AMERICA MERRILL LYNCH,Bank of America Merrill Lynch
BANK OF AMERICA MERRILL LYNCH INTERNATIONAL LIMITED,Bank of America Merrill Lynch
BANK OF AMERICA MERRILL LYNCH INTERNATIONAL LTD,Bank of America Merrill Lynch
BANK OF AMERICA N.A.,Bank of America Merrill Lynch
BANK OF AMERICA NA,Bank of America Merrill Lynch
BANK OF AMERICA NT & SA,Bank of America Merrill Lynch
BANK OF AMERICA SECURITIES LLC,Bank of America Merrill Lynch
"BANK OF AMERICA, N.A.",Bank of America Merrill Lynch
"BANK OF AMERICA, N.A.",Bank of America Merrill Lynch
"BANK OF AMERICA, NA",Bank of America Merrill Lynch
"BANK OF AMERICA, NA",Bank of America Merrill Lynch
"BANK OF AMERICA, NATIONAL ASSOCIATION",Bank of America Merrill Lynch
"BANK OF AMERICA, NATIONAL ASSOCIATION AKA BANK OF AMERICA, N.A.",Bank of America Merrill Lynch
"BANK OF AMERICA, NATIONAL ASSOCIATION AKA BANK OF AMERICA, NA",Bank of America Merrill Lynch
"MERRILL LYNCH, PIERCE, FENNER & SMITH INCORPORATED",Bank of America Merrill Lynch
BANK OF IRELAND,Bank of Ireland
"BANK OF JORDAN, PLC",Bank of Jordan
BANK OF NEW YORK,BNY Mellon
BANK OF NEW YORK,BNY Mellon
BANK OF NEW YORK MELLON,BNY Mellon
BANK OF NEW YORK MELLON,BNY Mellon
BANK OF NEW YORK MELLON,BNY Mellon
BANK OF NEW YORK MELLON (DOMESTIC),BNY Mellon
BANK OF NEW YORK MELLON (DOMESTIC),BNY Mellon
BANK OF NEW YORK MELLON CORPORATION,BNY Mellon
BANK OF NEW YORK MELLON SA/NV,BNY Mellon
BANK OF NEW YORK MELLON TRUST COMPANY,BNY Mellon
"BANK OF NEW YORK MELLON, N.A.",BNY Mellon
"BANK OF NEW YORK MELLON, THROUGH ITS AGENT AND SUBSIDIARY CHARLES FREDERIC & CO.",BNY Mellon
BANK OF VALLETTA,Bank of Valletta
BANK OF VALLETTA,Bank of Valletta
BARCLAYS BANK MAURITIUS LIMITED,Barclays
BARCLAYS BANK MAURITIUS LIMITED,Barclays
BARCLAYS BANK PLC,Barclays
BARCLAYS BANK PLC,Barclays
BARCLAYS BANK PLC,Barclays
BARCLAYS BANK PLC,Barclays
BARCLAYS BANK PLC - LONDON BRANCH,Barclays
BARCLAYS BANK PLC - NEW YORK BRANCH,Barclays
"BARCLAYS BANK PLC, NEW YORK",Barclays
"BARCLAYS BANK PLC, NEW YORK BRANCH",Barclays
"BARCLAYS BANK PLC, NY",Barclays
"BARCLAYS BANK, PLC",Barclays
BARCLAYS CAPITAL,Barclays
BARCLAYS CAPITAL INC.,Barclays
BARCLAYS CAPITAL INC.,Barclays
BARCLAYS CAPITAL INC.,Barclays
BARCLAYS CAPITAL INC.,Barclays
BARCLAYS CAPITAL INC.,Barclays
BARCLAYS CAPITAL SECURITIES LIMITED,Barclays
BARCLAYS CAPITAL SECURITIES LIMITED,Barclays
BARCLAYS CAPITAL SECURITIES LIMITED,Barclays
BARCLAYS CAPITAL SECURITIES LTD.,Barclays
BB&T,BB&T
"BB&T SECURITIES, LLC",BB&T
BBVA BANCOMER S.A.,BBVA Bancomer
BDSEC,BDSec
BDSEC JSC.,BDSec
BGL BNP PARIBAS SOCIÉTÉ ANONYME,BNP Paribas
"BLACKROCK ADVISORS, LLC",BlackRock Advisors
"BLACKROCK INVESTMENTS, LLC",BlackRock Advisors
"BMA SECURITIES, LLC",BMA Securities
BMO HARRIS,BMO Harris Bank
BMO HARRIS,BMO Harris Bank
BMO HARRIS BANK,BMO Harris Bank
BMO HARRIS BANK,BMO Harris Bank
BMO HARRIS BANK N. A.,BMO Harris Bank
BMO HARRIS BANK N.A,BMO Harris Bank
BMO HARRIS BANK N.A,BMO Harris Bank
BMO HARRIS BANK N.A.,BMO Harris Bank
BMO HARRIS BANK N.A.,BMO Harris Bank
BMO HARRIS BANK NA,BMO Harris Bank
BMO HARRIS BANK NA,BMO Harris Bank
BMO HARRIS BANK NA.,BMO Harris Bank
"BMO HARRIS BANK, N.A",BMO Harris Bank
"BMO HARRIS BANK, N.A.",BMO Harris Bank
"BMO HARRIS BANK, NA",BMO Harris Bank
"BMO HARRIS FINANCIAL ADVISORS, INC.",BMO Harris Bank
"BMO HARRIS, N.A.",BMO Harris Bank
BMO NESBITT BURNS,BMO Nesbitt Burns
BMO NESBITT BURNS INC.,BMO Nesbitt Burns
BMO NESBITT BURNS INC.,BMO Nesbitt Burns
BMO NESBITT BURNS INC.,BMO Nesbitt Burns
BNP PARIBAS,BNP Paribas
BNP PARIBAS,BNP Paribas
BNP PARIBAS,BNP Paribas
BNP PARIBAS,BNP Paribas
BNP PARIBAS,BNP Paribas
BNP PARIBAS,BNP Paribas
BNP PARIBAS - LONDON BRANCH,BNP Paribas
BNP PARIBAS - LONDON BRANCH,BNP Paribas
BNP PARIBAS - LONDON BRANCH,BNP Paribas
BNP PARIBAS ACTING THROUGH ITS NEW YORK BRANCH,BNP Paribas
BNP PARIBAS BANK & TRUST CAYMAN LIMITED,BNP Paribas
BNP PARIBAS BANK & TRUST CAYMAN LIMITED,BNP Paribas
"BNP PARIBAS ESPAÑA, S.A.",BNP Paribas
BNP PARIBAS LONDON BRANCH,BNP Paribas
BNP PARIBAS PRIME BROKERAGE INC,BNP Paribas
BNP PARIBAS PRIME BROKERAGE INC,BNP Paribas
"BNP PARIBAS PRIME BROKERAGE INTERNATIONAL, LTD",BNP Paribas
"BNP PARIBAS PRIME BROKERAGE, INC.",BNP Paribas
"BNP PARIBAS PRIME BROKERAGE, INC.",BNP Paribas
"BNP PARIBAS PRIME BROKERAGE, INC.",BNP Paribas
"BNP PARIBAS PRIME BROKERAGE, INC.",BNP Paribas
"BNP PARIBAS PRIME BROKERAGE, INC.",BNP Paribas
"BNP PARIBAS PRIME BROKERAGE, INC.",BNP Paribas
BNP PARIBAS SA LONDON BRANCH,BNP Paribas
BNP PARIBAS SALONDON BRANCH,BNP Paribas
BNP PARIBAS SECURITIES CORP.,BNP Paribas
BNP PARIBAS SECURITIES CORP.,BNP Paribas
BNP PARIBAS SECURITIES CORP.,BNP Paribas
BNP PARIBAS SECURITIES SERVICES DUBLIN BRANCH,BNP Paribas
BNP PARIBAS SECURITIES SERVICES IRELAND LIMITED,BNP Paribas
BNP PARIBAS USA,BNP Paribas
"BNP PARIBAS, NEW YORK BRANCH",BNP Paribas
BNY MELLON,BNY Mellon
BNY MELLON,BNY Mellon
BNY MELLON,BNY Mellon
BNY MELLON ALTERNATIVE INVESTMENT SERVICES,BNY Mellon
BNY MELLON ALTERNATIVE INVESTMENT SERVICES,BNY Mellon
BNY MELLON ASSET SERVICING,BNY Mellon
BNY MELLON ASSET SERVICING,BNY Mellon
BNY MELLON CAPITAL MARKETS LLC,BNY Mellon
"BNY MELLON CAPITAL MARKETS, LLC",BNY Mellon
"BNY MELLON CAPITAL MARKETS, LLC",BNY Mellon
"BNY MELLON CAPITAL MARKETS, LLC",BNY Mellon
BNY MELLON INVESTMENT SERVICING (US) INC.,BNY Mellon
BNY MELLON NA,BNY Mellon
BNY MELLON TRUST & DEPOSITARY (UK) LIMITED,BNY Mellon
BNY MELLON TRUST COMPANY (IRELAND) LIMITED,BNY Mellon
"BNY MELLON, NA",BNY Mellon
"BOSTON FINANCIAL DATA SERVICES, INC.",Boston Financial Data Services
BOSTON PRIVATE,Boston Private Bank & Trust Company
BOSTON PRIVATE BANK & TRUST,Boston Private Bank & Trust Company
BOURSE SECURITIES LIMITED,Bourse Securities
"BRINK'S GLOBAL SERVICES INTERNATIONAL, INC.",Brink's Global Services International
BROWN BROTHERS HARRIMAN,Brown Brothers Harriman
BROWN BROTHERS HARRIMAN & CO.,Brown Brothers Harriman
BROWN BROTHER'S HARRIMAN & CO.,Brown Brothers Harriman
"BROWN BROTHERS HARRIMAN TRUST COMPANY, NA",Brown Brothers Harriman
BROWN BROTHERS HARRIMAN TRUSTEE SERVICES (IRELAND) LIMITED,Brown Brothers Harriman
BROWN BROTHERS HARRIMANN & CO.,Brown Brothers Harriman
BSP CAPITAL LIMITED,BSP Capital
"BTG PACTUAL US CAPITAL, LLC",BTG Pactual
"BTIG, LLC",BTIG
"BTIG, LLC",BTIG
BULL & BEAR,Bull & Bear
BULL AND BEAR AD PODGORICA,Bull & Bear
BUTTERFIELD BANK (CAYMAN) LTD,Butterfield
BUTTERFIELD TRUST (BERMUDA) LIMITED,Butterfield
CACEIS BANK LUXEMBOURG,CACEIS Bank
CACEIS BANK LUXEMBOURG,CACEIS Bank
CACEIS BANK LUXEMBOURG - DUBLIN BRANCH,CACEIS Bank
CALIFORNIA BANK & TRUST,California Bank & Trust
CANACCORD GENUITY INC.,Canaccord Capital Corporation
CANADIA BANK,Canadia Bank
CANTOR PRIME SERVICES,Cantor Prime Services
"CAPITAL MARKETS BROKERS, LTD",Capital Market Brokers
CAPITAL ONE BANK,Capital One Bank
CAPITAL ONE BANK WEALTH AND ASSET MANAGEMENT,Capital One Bank
"CAPITAL ONE, N.A.",Capital One Bank
"CAPITAL ONE, NA",Capital One Bank
CENTRAL DEPOSITORY AGENCY AD PODGORICA,Central Depository Agency of Podgorica
CENTRAL DEPOSITORY OF TRINIDAD & TOBAGO LTD,Trinidad and Tobago Central Depository
CENTRAL SECURITIES CLEARING SYSTEM PLC,Central Securities Clearing System
CENTRAL SECURITIES CLEARING SYSTEM PLC,Central Securities Clearing System
CENTRAL SECURITIES DEPOSITORY LTD,Central Securities Depository (GH)
"CEROS FINANCIAL SERVICES, INC.",Ceros Financial Services
CHARLES SCHWAB,Charles Schwab & Co.
CHARLES SCHWAB & CO.,Charles Schwab & Co.
"CHARLES SCHWAB & CO., INC.",Charles Schwab & Co.
"CHARLES SCHWAB & CO., INC.",Charles Schwab & Co.
"CHARLES SCHWAB & CO., INC.",Charles Schwab & Co.
CHINA MERCHANTS SECURITIES CO. LTD.,China Merchants Securities
CHINA MERCHANTS SECURITIES CO. LTD.,China Merchants Securities
CIBC,CIBC Bank and Trust
CIBC MELLON,CIBC Mellon Global Securities Services
CITCO BANK (CANADA),Citco Global Custody
CITCO BANK AND TRUST (BAHAMAS) LIMITED,Citco Global Custody
CITCO BANK AND TRUST COMPANY (BAHAMAS) LIMITED,Citco Global Custody
CITCO BANK AND TRUST COMPANY LIMITED,Citco Global Custody
CITCO BANK CANADA,Citco Global Custody
CITCO BANK CANADA,Citco Global Custody
"CITCO BANK CANADA, INC",Citco Global Custody
CITCO BANK NEDERLAND N.V.,Citco Global Custody
CITCO BANK NEDERLAND N.V.,Citco Global Custody
CITCO BANK NEDERLAND N.V. LUXEMBOURG BRANCH,Citco Global Custody
CITCO BANK NEDERLAND VC,Citco Global Custody
CITCO BANK OF CANADA,Citco Global Custody
CITCO BANK TORONTO,Citco Global Custody
CITCO BANKING CORPORATION (CURACAO),Citco Global Custody
CITCO BANKING CORPORATION N.V.,Citco Global Custody
CITCO BANKING CORPORATION N.V.,Citco Global Custody
CITCO BANKING CORPORATION N.V.,Citco Global Custody
CITCO BANKING CORPORATION N.V. (CURACAO),Citco Global Custody
CITCO BANKING CORPORATION NV,Citco Global Custody
"CITCO BANKING CORPORATION, NA, NV",Citco Global Custody
CITCO CUSTODY LIMITED,Citco Global Custody
CITCO FUND BANK NEDERLAND,Citco Global Custody
CITCO FUND SERVICES (MALTA) LIMITED,Citco Global Custody
CITCO GLOBAL CUSTODY (N.A.) N.V.,Citco Global Custody
CITCO GLOBAL CUSTODY (N.A.) N.V.,Citco Global Custody
CITCO GLOBAL CUSTODY NV NA,Citco Global Custody
CITCO SECURITIES INC.,Citco Global Custody
CITI PRIME FINANCE,Citi Transaction Services
CITI PRIVATE BANK,Citi Transaction Services
CITI PRIVATE BANK,Citi Transaction Services
CITIBANK,Citi Transaction Services
CITIBANK,Citi Transaction Services
CITIBANK CBO SERVICES,Citi Transaction Services
CITIBANK HONG KONG,Citi Transaction Services
CITIBANK LUXEMBOURG,Citi Transaction Services
CITIBANK N.A.,Citi Transaction Services
CITIBANK N.A.,Citi Transaction Services
CITIBANK N.A.,Citi Transaction Services
CITIBANK N.A.,Citi Transaction Services
CITIBANK N.A.,Citi Transaction Services
CITIBANK N.A.,Citi Transaction Services
CITIBANK N.A.,Citi Transaction Services
CITIBANK N.A. HONG KONG,Citi Transaction Services
"CITIBANK N.A., SINGAPORE BRANCH",Citi Transaction Services
CITIBANK NA,Citi Transaction Services
CITIBANK NA,Citi Transaction Services
CITIBANK NA,Citi Transaction Services
CITIBANK NA,Citi Transaction Services
CITIBANK NA,Citi Transaction Services
CITIBANK NA MUMBAI,Citi Transaction Services
CITIBANK NA MUMBAI,Citi Transaction Services
"CITIBANK NA, NEW YORK BRANCH",Citi Transaction Services
"CITIBANK NA, NEW YORK BRANCH",Citi Transaction Services
CITIBANK PRIVATE BANK,Citi Transaction Services
"CITIBANK, A.S.",Citi Transaction Services
"CITIBANK, N.A.",Citi Transaction Services
"CITIBANK, N.A.",Citi Transaction Services
"CITIBANK, N.A.",Citi Transaction Services
"CITIBANK, N.A.",Citi Transaction Services
"CITIBANK, N.A.",Citi Transaction Services
"CITIBANK, N.A.",Citi Transaction Services
"CITIBANK, N.A.",Citi Transaction Services
"CITIBANK, NA",Citi Transaction Services
"CITIBANK, NA",Citi Transaction Services
"CITIBANK, NA",Citi Transaction Services
CITIGROUP GLOBAL CAPITAL MARKETS LIMITED,Citi Transaction Services
CITIGROUP GLOBAL MARKETS INC.,Citi Transaction Services
CITIGROUP GLOBAL MARKETS INC.,Citi Transaction Services
CITIGROUP GLOBAL MARKETS INC.,Citi Transaction Services
CITIGROUP GLOBAL MARKETS INC.,Citi Transaction Services
CITIGROUP GLOBAL MARKETS INC.,Citi Transaction Services
CITIGROUP GLOBAL MARKETS INC.,Citi Transaction Services
CITIGROUP GLOBAL MARKETS INC.,Citi Transaction Services
CITIGROUP GLOBAL MARKETS INC.,Citi Transaction Services
CITIGROUP GLOBAL MARKETS INC.,Citi Transaction Services
CITIGROUP GLOBAL MARKETS INC.,Citi Transaction Services
CITIGROUP GLOBAL MARKETS INC.,Citi Transaction Services
CITIGROUP GLOBAL MARKETS LIMITED,Citi Transaction Services
CITIGROUP GLOBAL MARKETS LIMITED,Citi Transaction Services
CITIGROUP GLOBAL MARKETS LIMITED,Citi Transaction Services
CITIGROUP GLOBAL MARKETS LIMITED,Citi Transaction Services
CITIGROUP GLOBAL MARKETS LIMITED,Citi Transaction Services
CITIGROUP GLOBAL MARKETS LIMITED,Citi Transaction Services
CITIGROUP GLOBAL MARKETS LIMITED,Citi Transaction Services
CITIGROUP GLOBAL MARKETS LIMITED,Citi Transaction Services
CITIGROUP GLOBAL MARKETS LIMITED,Citi Transaction Services
CITIGROUP GLOBAL MARKETS LIMITED,Citi Transaction Services
CITIGROUP GLOBAL MARKETS LTD.,Citi Transaction Services
"CITIGROUP GLOBAL MARKETS, INC.",Citi Transaction Services
"CITIGROUP GLOBAL MARKETS, INC.",Citi Transaction Services
"CITIGROUP GLOBAL MARKETS, LTD.",Citi Transaction Services
"CITIGROUP GLOBAL MARKETS, LTD.",Citi Transaction Services
CITIGROUP INC.,Citi Transaction Services
CITIGROUP INC.,Citi Transaction Services
CITIGROUP SECURITIES SERVICES INC.,Citi Transaction Services
"CITIGROUP, INC.",Citi Transaction Services
"CITIGROUP, INC.",Citi Transaction Services
CITIZENS BANK N.A.,Citizens Bank
CITIZENS BANK N.A.,Citizens Bank
"CITIZENS BANK, N.A.",Citizens Bank
CITY NATIONAL BANK,City National Bank
CITY NATIONAL CORPORATION,City National Bank
CLSA,CLSA
COLORADO STATE BANK & TRUST,Colorado State Bank and Trust
COLORADO STATE BANK AND TRUST,Colorado State Bank and Trust
COMPUTERSHARE,Computershare
COMPUTERSHARE,Computershare
COMPUTERSHARE LIMITED,Computershare
COMPUTERSHARE LIMITED,Computershare
COMPUTERSHARE SECURITIES CORPORATION,Computershare
COMPUTERSHARE TRUST COMPANY N.A.,Computershare
COMPUTERSHARE TRUST COMPANY N.A.,Computershare
"COMPUTERSHARE TRUST COMPANY, N.A.",Computershare
"COMPUTERSHARE TRUST COMPANY, N.A.",Computershare
"COMPUTERSHARE TRUST COMPANY, N.A.",Computershare
"COMPUTERSHARE TRUST COMPANY, NA",Computershare
CONTINENTAL STOCK TRANSFER,Continental Stock Transfer & Trust Company
CONTINENTAL STOCK TRANSFER & TRUST COMPANY,Continental Stock Transfer & Trust Company
CONTINENTAL STOCK TRANSFER & TRUST COMPANY,Continental Stock Transfer & Trust Company
CREDIT AGRICOLE CORPORATE & INVESTMENT BANK,Credit Agricole Corporate and Investment Bank
CREDIT AGRICOLE CORPORATE & INVESTMENT BANK,Credit Agricole Corporate and Investment Bank
CREDIT AGRICOLE CORPORATE AND INVESTMENT BANK,Credit Agricole Corporate and Investment Bank
CREDIT SUISSE,Credit Suisse Prime Fund Services
CREDIT SUISSE,Credit Suisse Prime Fund Services
CREDIT SUISSE AG,Credit Suisse Prime Fund Services
CREDIT SUISSE AG,Credit Suisse Prime Fund Services
CREDIT SUISSE AG,Credit Suisse Prime Fund Services
CREDIT SUISSE AG,Credit Suisse Prime Fund Services
CREDIT SUISSE AG,Credit Suisse Prime Fund Services
"CREDIT SUISSE AG, DUBLIN BRANCH",Credit Suisse Prime Fund Services
"CREDIT SUISSE AG, LONDON BRANCH",Credit Suisse Prime Fund Services
"CREDIT SUISSE AG, LONDON BRANCH",Credit Suisse Prime Fund Services
CREDIT SUISSE CAPITAL LLC,Credit Suisse Prime Fund Services
CREDIT SUISSE CAPITAL LLC,Credit Suisse Prime Fund Services
CREDIT SUISSE CAPITAL LLC,Credit Suisse Prime Fund Services
CREDIT SUISSE CAPITAL LLC,Credit Suisse Prime Fund Services
CREDIT SUISSE EUROPE LTD.,Credit Suisse Prime Fund Services
CREDIT SUISSE GROUP AG,Credit Suisse Prime Fund Services
CREDIT SUISSE HEDGING-GRIFFO CORRETORA DE VALORES S.A.,Credit Suisse Prime Fund Services
CREDIT SUISSE INTERNATIONAL,Credit Suisse Prime Fund Services
CREDIT SUISSE INTERNATIONAL,Credit Suisse Prime Fund Services
CREDIT SUISSE INTERNATIONAL,Credit Suisse Prime Fund Services
CREDIT SUISSE INTERNATIONAL,Credit Suisse Prime Fund Services
CREDIT SUISSE INTERNATIONAL,Credit Suisse Prime Fund Services
CREDIT SUISSE INTERNATIONAL,Credit Suisse Prime Fund Services
CREDIT SUISSE INTERNATIONAL,Credit Suisse Prime Fund Services
CREDIT SUISSE INTERNATIONAL,Credit Suisse Prime Fund Services
CREDIT SUISSE INTERNATIONAL,Credit Suisse Prime Fund Services
CREDIT SUISSE INTERNATIONAL,Credit Suisse Prime Fund Services
CREDIT SUISSE PRIME SECURITIES SERVICES (USA) LLC,Credit Suisse Prime Fund Services
CREDIT SUISSE PRIME SECURITIES SERVICES (USA) LLC,Credit Suisse Prime Fund Services
CREDIT SUISSE SECURITIES (EUROPE),Credit Suisse Prime Fund Services
CREDIT SUISSE SECURITIES (EUROPE) LIMITED,Credit Suisse Prime Fund Services
CREDIT SUISSE SECURITIES (EUROPE) LIMITED,Credit Suisse Prime Fund Services
CREDIT SUISSE SECURITIES (EUROPE) LIMITED,Credit Suisse Prime Fund Services
CREDIT SUISSE SECURITIES (EUROPE) LIMITED,Credit Suisse Prime Fund Services
CREDIT SUISSE SECURITIES (EUROPE) LIMITED,Credit Suisse Prime Fund Services
CREDIT SUISSE SECURITIES (EUROPE) LIMITED,Credit Suisse Prime Fund Services
CREDIT SUISSE SECURITIES (EUROPE) LIMITED,Credit Suisse Prime Fund Services
CREDIT SUISSE SECURITIES (EUROPE) LIMITED,Credit Suisse Prime Fund Services
CREDIT SUISSE SECURITIES (EUROPE) LIMITED,Credit Suisse Prime Fund Services
CREDIT SUISSE SECURITIES (EUROPE) LIMITED,Credit Suisse Prime Fund Services
CREDIT SUISSE SECURITIES (EUROPE) LIMITED,Credit Suisse Prime Fund Services
CREDIT SUISSE SECURITIES (EUROPE) LTD,Credit Suisse Prime Fund Services
CREDIT SUISSE SECURITIES (EUROPE) LTD,Credit Suisse Prime Fund Services
CREDIT SUISSE SECURITIES (EUROPE) LTD,Credit Suisse Prime Fund Services
CREDIT SUISSE SECURITIES (EUROPE) LTD.,Credit Suisse Prime Fund Services
CREDIT SUISSE SECURITIES (USA) LLC,Credit Suisse Prime Fund Services
CREDIT SUISSE SECURITIES (USA) LLC,Credit Suisse Prime Fund Services
CREDIT SUISSE SECURITIES (USA) LLC,Credit Suisse Prime Fund Services
CREDIT SUISSE SECURITIES (USA) LLC,Credit Suisse Prime Fund Services
CREDIT SUISSE SECURITIES (USA) LLC,Credit Suisse Prime Fund Services
CREDIT SUISSE SECURITIES (USA) LLC,Credit Suisse Prime Fund Services
CREDIT SUISSE SECURITIES (USA) LLC,Credit Suisse Prime Fund Services
CREDIT SUISSE SECURITIES (USA) LLC,Credit Suisse Prime Fund Services
CREDIT SUISSE SECURITIES (USA) LLC,Credit Suisse Prime Fund Services
CREDIT SUISSE SECURITIES (USA) LLC,Credit Suisse Prime Fund Services
CREDIT SUISSE SECURITIES EUROPE,Credit Suisse Prime Fund Services
CREDIT SUISSE SECURITIES LLC,Credit Suisse Prime Fund Services
CSL STOCKBROKERS LIMITED,CSL Stockbrokers
"CULLEN/FROST BANKERS, INC.",Cullen/Frost Bankers
"CULLEN/FROST BANKERS, INC.",Cullen/Frost Bankers
DAIWA CAPITAL MARKETS AMERICA INC.,Daiwa Capital Markets America
DAIWA CAPITAL MARKETS AMERICA INC.,Daiwa Capital Markets America
DAIWA CAPITAL MARKETS EUROPE LTD,Daiwa Capital Markets America
DB ALTERNATIVE FUND SERVICES,Deutsche Bank
DB FUND SERVICES LLC,Deutsche Bank
DBS BANK LIMITED,DBS Bank
DBS BANK LTD,DBS Bank
DBS BANK LTD,DBS Bank
DBS BANK LTD.,DBS Bank
DEUTCHE BANK AG,Deutsche Bank
DEUTSCHE ASSET & WEALTH MANAGEMENT,Deutsche Bank
DEUTSCHE BANK,Deutsche Bank
DEUTSCHE BANK,Deutsche Bank
DEUTSCHE BANK,Deutsche Bank
DEUTSCHE BANK ( CAYMAN) LTD.,Deutsche Bank
DEUTSCHE BANK (CAYMAN) LIMITED,Deutsche Bank
DEUTSCHE BANK (CAYMAN) LIMITED,Deutsche Bank
DEUTSCHE BANK (CAYMAN) LTD,Deutsche Bank
DEUTSCHE BANK (CAYMAN) LTD.,Deutsche Bank
DEUTSCHE BANK (MAURITIUS) LIMITED,Deutsche Bank
DEUTSCHE BANK (MAURITIUS) LIMITED,Deutsche Bank
DEUTSCHE BANK (MAURITIUS) LIMITED,Deutsche Bank
DEUTSCHE BANK (MAURITIUS) LIMITED,Deutsche Bank
DEUTSCHE BANK (MAURITIUS) LTD.,Deutsche Bank
DEUTSCHE BANK A.G.,Deutsche Bank
DEUTSCHE BANK A.G.,Deutsche Bank
DEUTSCHE BANK A.G.,Deutsche Bank
DEUTSCHE BANK A.G.,Deutsche Bank
DEUTSCHE BANK AG,Deutsche Bank
DEUTSCHE BANK AG,Deutsche Bank
DEUTSCHE BANK AG,Deutsche Bank
DEUTSCHE BANK AG,Deutsche Bank
DEUTSCHE BANK AG,Deutsche Bank
DEUTSCHE BANK AG,Deutsche Bank
DEUTSCHE BANK AG,Deutsche Bank
DEUTSCHE BANK AG,Deutsche Bank
DEUTSCHE BANK AG,Deutsche Bank
DEUTSCHE BANK AG,Deutsche Bank
DEUTSCHE BANK AG,Deutsche Bank
DEUTSCHE BANK AG,Deutsche Bank
DEUTSCHE BANK- AG,Deutsche Bank
DEUTSCHE BANK AG - LONDON BRANCH,Deutsche Bank
DEUTSCHE BANK AG - LONDON BRANCH,Deutsche Bank
DEUTSCHE BANK AG - NEW YORK BRANCH,Deutsche Bank
DEUTSCHE BANK AG - NEW YORK BRANCH,Deutsche Bank
DEUTSCHE BANK AG (MUMBAI),Deutsche Bank
DEUTSCHE BANK AG NEW YORK BRANCH,Deutsche Bank
DEUTSCHE BANK AG NEW YORK BRANCH,Deutsche Bank
DEUTSCHE BANK AG NEW YORK BRANCH,Deutsche Bank
DEUTSCHE BANK AG NEW YORK BRANCH,Deutsche Bank
DEUTSCHE BANK AG SINGAPORE BRANCH,Deutsche Bank
"DEUTSCHE BANK AG, DUBLIN BRANCH",Deutsche Bank
"DEUTSCHE BANK AG, LONDON BRANCH",Deutsche Bank
"DEUTSCHE BANK AG, LONDON BRANCH",Deutsche Bank
"DEUTSCHE BANK AG, NEW YORK BRANCH",Deutsche Bank
"DEUTSCHE BANK AG, NEW YORK BRANCH",Deutsche Bank
"DEUTSCHE BANK AG, SINGAPORE BRANCH",Deutsche Bank
DEUTSCHE BANK NATIONAL TRUST COMPANY,Deutsche Bank
DEUTSCHE BANK PRIVATE WEALTH MANAGEMENT,Deutsche Bank
DEUTSCHE BANK S.A BANCO ALEMAO,Deutsche Bank
DEUTSCHE BANK SECURITIES INC.,Deutsche Bank
DEUTSCHE BANK SECURITIES INC.,Deutsche Bank
DEUTSCHE BANK SECURITIES INC.,Deutsche Bank
DEUTSCHE BANK SECURITIES INC.,Deutsche Bank
DEUTSCHE BANK SECURITIES INC.,Deutsche Bank
DEUTSCHE BANK SECURITIES INC.,Deutsche Bank
DEUTSCHE BANK SECURITIES INC.,Deutsche Bank
DEUTSCHE BANK SECURITIES INC.,Deutsche Bank
DEUTSCHE BANK SECURITIES INC.,Deutsche Bank
DEUTSCHE BANK SECURITIES INC.,Deutsche Bank
DEUTSCHE BANK SECURITIES INC.,Deutsche Bank
DEUTSCHE BANK SECURITIES INC.,Deutsche Bank
DEUTSCHE BANK SECURITIES INC.,Deutsche Bank
"DEUTSCHE BANK SECURITIES, INC.",Deutsche Bank
DEUTSCHE BANK TRUST CO. AMERICAS,Deutsche Bank
DEUTSCHE BANK TRUST COMPANY AMERICAS,Deutsche Bank
DEUTSCHE BANK TRUST COMPANY AMERICAS,Deutsche Bank
DEUTSCHE BANK TRUST COMPANY AMERICAS,Deutsche Bank
DEUTSCHE BANK TRUST COMPANY AMERICAS,Deutsche Bank
DEUTSCHE BANK TRUST COMPANY AMERICAS,Deutsche Bank
DEUTSCHE BANK TRUST COMPANY AMERICAS,Deutsche Bank
DEUTSCHE BANK TRUST COMPANY AMERICAS,Deutsche Bank
DEUTSCHE BANK TRUST COMPANY AMERICAS,Deutsche Bank
DEUTSCHE BANK TRUST COMPANY AMERICAS,Deutsche Bank
DEUTSCHE BANK TRUST COMPANY AMERICA,Deutsche Bank
DEUTSCHE BANK TRUST COMPANY DELAWARE,Deutsche Bank
"DEUTSCHE BANK, AG",Deutsche Bank
DEUTSCHE BANK-AG,Deutsche Bank
DEUTSCHE SECURITIES KOREA,Deutsche Bank
E D & F MAN CAPITAL MARKETS INC.,ED&F Man Capital Markets
E*TRADE SECURITIES LLC,Etrade Securities
E*TRADE SECURITIES LLC,Etrade Securities
E*TRADE SECURITIES LLC,Etrade Securities
EDELWEISS CUSTODIAL SERVICES LIMITED,Edelweiss Custodial Services
EDMOND DE ROTHSCHILD,Banque Privée Edmond de Rothschild
EFG HERMES,EFG-Hermes
ERSTE BANK,Erste Bank
ERSTE BANK AD PODGORICA,Erste Bank
FEDERATED INVESTORS,Federated Investors
FIDELITY BROKERAGE SERVICES LLC,Fidelity Investments
FIDELITY BROKERAGE SERVICES LLC,Fidelity Investments
FIDELITY BROKERAGE SERVICES LLC,Fidelity Investments
FIDELITY BROKERAGE SERVICES LLC,Fidelity Investments
FIDELITY BROKERAGE SERVICES LLC,Fidelity Investments
FIDELITY BROKERAGE SERVICES LLC,Fidelity Investments
FIDELITY CAPITAL MARKETS,Fidelity Investments
FIDELITY CAPITAL MARKETS,Fidelity Investments
FIDELITY CAPITAL MARKETS,Fidelity Investments
FIDELITY FAMILY OFFICE SERVICES,Fidelity Investments
"FIDELITY INVESTMENT SERVICES, INC.",Fidelity Investments
"FIDELITY INVESTMENTS (THE BANK OF NEW YORK, MELLON)",Fidelity Investments
"FIDELITY INVESTMENTS INSTITUTIONAL SERVICES COMPANY, INC.",Fidelity Investments
"FIDELITY INVESTMENTS INSTITUTIONAL SERVICES COMPANY, INC.",Fidelity Investments
"FIDELITY INVESTMENTS INSTITUTIONAL SERVICES COMPANY, INC.",Fidelity Investments
"FIDELITY INVESTMENTS INSTITUTIONAL SERVICES COMPANY, INC.",Fidelity Investments
"FIDELITY INVESTMENTS INSTITUTIONAL SERVICES COMPANY, INC.",Fidelity Investments
"FIDELITY INVESTMENTS, INC.",Fidelity Investments
FIDELITY PRIME SERVICES,Fidelity Investments
FIDELITY PRIME SERVICES,Fidelity Investments
"FIRST CLEARING, LLC",First Clearing
FIRST REPUBLIC,First Republic Bank
FIRST REPUBLIC,First Republic Bank
FIRST REPUBLIC BANK,First Republic Bank
FIRST REPUBLIC BANK,First Republic Bank
FIRST REPUBLIC BANK,First Republic Bank
FIRST REPUBLIC BANK,First Republic Bank
FIRST REPUBLIC BANK,First Republic Bank
FIRST REPUBLIC BANK,First Republic Bank
"FIRST REPUBLIC BANK, N.A.",First Republic Bank
"FIRST REPUBLIC SECURITIES COMPANY, LLC",First Republic Bank
"FIRST REPUBLIC SECURITIES COMPANY, LLC",First Republic Bank
"FIRST REPUBLIC SECURITIES COMPANY, LLC",First Republic Bank
FIRST REPUBLIC TRUST COMPANY,First Republic Bank
"FIRST TENNESSEE BANK, N.A.",First Tennessee Bank
FROST BANK,Cullen/Frost Bankers
GLOBAL PRIME PARTNERS (ASIA) LIMITED,Global Prime Partners
GOLDMAN SACHS,Goldman Sachs
GOLDMAN SACHS,Goldman Sachs
GOLDMAN SACHS & CO,Goldman Sachs
GOLDMAN SACHS & CO.,Goldman Sachs
GOLDMAN SACHS & CO.,Goldman Sachs
GOLDMAN SACHS & CO.,Goldman Sachs
GOLDMAN SACHS & CO. LLC,Goldman Sachs
GOLDMAN SACHS & CO. LLC,Goldman Sachs
GOLDMAN SACHS & CO. LLC,Goldman Sachs
GOLDMAN SACHS & CO. LLC,Goldman Sachs
GOLDMAN SACHS & CO. LLC,Goldman Sachs
GOLDMAN SACHS & CO. LLC,Goldman Sachs
GOLDMAN SACHS & CO. LLC,Goldman Sachs
GOLDMAN SACHS & CO. LLC,Goldman Sachs
GOLDMAN SACHS & CO. LLC,Goldman Sachs
GOLDMAN SACHS & CO. LLC,Goldman Sachs
GOLDMAN SACHS & CO. LLC,Goldman Sachs
GOLDMAN SACHS & CO. LLC,Goldman Sachs
GOLDMAN SACHS ASSET MANAGEMENT LP,Goldman Sachs
GOLDMAN SACHS ASSET MANAGEMENT LP,Goldman Sachs
GOLDMAN SACHS ASSET MANAGEMENT LP,Goldman Sachs
GOLDMAN SACHS BANK,Goldman Sachs
GOLDMAN SACHS BANK USA,Goldman Sachs
GOLDMAN SACHS BANK USA,Goldman Sachs
GOLDMAN SACHS BANK USA,Goldman Sachs
GOLDMAN SACHS BANK USA,Goldman Sachs
GOLDMAN SACHS BANK USA,Goldman Sachs
GOLDMAN SACHS BANK USA,Goldman Sachs
GOLDMAN SACHS BANK USA,Goldman Sachs
GOLDMAN SACHS EXECUTION & CLEARING,Goldman Sachs
"GOLDMAN SACHS EXECUTION & CLEARING, L.P.",Goldman Sachs
"GOLDMAN SACHS EXECUTION & CLEARING, L.P.",Goldman Sachs
"GOLDMAN SACHS EXECUTION & CLEARING, L.P.",Goldman Sachs
"GOLDMAN SACHS EXECUTION & CLEARING, L.P.",Goldman Sachs
"GOLDMAN SACHS FINANCIAL MARKETS, L.P.",Goldman Sachs
GOLDMAN SACHS INTERNATIONAL,Goldman Sachs
GOLDMAN SACHS INTERNATIONAL,Goldman Sachs
GOLDMAN SACHS INTERNATIONAL,Goldman Sachs
GOLDMAN SACHS INTERNATIONAL,Goldman Sachs
GOLDMAN SACHS INTERNATIONAL,Goldman Sachs
GOLDMAN SACHS INTERNATIONAL,Goldman Sachs
GOLDMAN SACHS INTERNATIONAL,Goldman Sachs
GOLDMAN SACHS INTERNATIONAL,Goldman Sachs
GOLDMAN SACHS INTERNATIONAL,Goldman Sachs
GOLDMAN SACHS INTERNATIONAL,Goldman Sachs
GOLDMAN SACHS INTERNATIONAL,Goldman Sachs
GOLDMAN SACHS INTERNATIONAL,Goldman Sachs
GOLDMAN SACHS INTERNATIONAL,Goldman Sachs
GOLDMAN SACHS INTERNATIONAL,Goldman Sachs
GOLDMAN SACHS INTERNATIONAL (LONDON),Goldman Sachs
GOLDMAN SACHS INTERNATIONAL BANK,Goldman Sachs
"GOLDMAN, SACHS & CO",Goldman Sachs
"GOLDMAN, SACHS & CO.",Goldman Sachs
"GOLDMAN, SACHS & CO.",Goldman Sachs
"GOLDMAN, SACHS & CO.",Goldman Sachs
"GOLDMAN, SACHS & CO.",Goldman Sachs
"GOLDMAN, SACHS & CO.",Goldman Sachs
"GOLDMAN, SACHS & CO.",Goldman Sachs
"GOLDMAN, SACHS & CO.",Goldman Sachs
"GOLDMAN, SACHS & CO.",Goldman Sachs
"GOLDMAN, SACHS & CO.",Goldman Sachs
"GOLDMAN, SACHS & CO.",Goldman Sachs
"GOLDMAN, SACHS & CO.",Goldman Sachs
"GOLDMAN, SACHS & CO.",Goldman Sachs
"GOLDMAN, SACHS & CO.",Goldman Sachs
"GOLDMAN, SACHS & CO. AND AFFILIATED QUALIFIED CUSTODIANS",Goldman Sachs
GOLOMT BANK,Golomt bank
H.S.B.C. BANK PLC,HSBC
H.S.B.C. BANK PLC,HSBC
"H.S.B.C. BANK USA, NA",HSBC
"H.S.B.C. BANK USA, NA",HSBC
HARRIS BANK N.A.,BMO Harris Bank
HARRIS BANK N.A.,BMO Harris Bank
HARRIS N.A.,BMO Harris Bank
HARRIS N.A.,BMO Harris Bank
HARRIS N.A.,BMO Harris Bank
HARRIS NA,BMO Harris Bank
HARTLEYS LIMITED,Hartleys
HAYWOOD SECURITIES (USA) INC.,Haywood Securities
HDFC BANK LIMITED,HDFC
HSBC BANK,HSBC
HSBC BANK (MAURITIUS) LIMITED,HSBC
HSBC BANK BERMUDA LIMITED,HSBC
HSBC BANK BERMUDA LIMITED,HSBC
HSBC BANK NA USA,HSBC
HSBC BANK PLC,HSBC
HSBC BANK PLC,HSBC
HSBC BANK PLC,HSBC
HSBC BANK PLC,HSBC
HSBC BANK PLC,HSBC
HSBC BANK PLC,HSBC
HSBC BANK PLC,HSBC
HSBC BANK PLC,HSBC
HSBC BANK PLC,HSBC
HSBC BANK PLC,HSBC
"HSBC BANK U.S.A., NEW YORK",HSBC
HSBC BANK USA,HSBC
HSBC BANK USA,HSBC
HSBC BANK USA,HSBC
HSBC BANK USA N.A.,HSBC
HSBC BANK USA NA,HSBC
HSBC BANK USA NA,HSBC
HSBC BANK USA NA,HSBC
HSBC BANK USA NA,HSBC
HSBC BANK USA NATIONAL ASSOCIATION,HSBC
"HSBC BANK USA, N.A.",HSBC
"HSBC BANK USA, N.A.",HSBC
"HSBC BANK USA, N.A.",HSBC
"HSBC BANK USA, N.A.",HSBC
"HSBC BANK USA, NA",HSBC
"HSBC BANK USA, NA",HSBC
"HSBC BANK USA, NA",HSBC
"HSBC BANK USA, NA",HSBC
"HSBC BANK USA, NA",HSBC
"HSBC BANK USA, NATIONAL ASSOCIATION",HSBC
"HSBC BANK USA, NATIONAL ASSOCIATION",HSBC
HSBC INSTITUTIONAL TRUST SERVICE (IRELAND) LIMITED,HSBC
HSBC INSTITUTIONAL TRUST SERVICE (IRELAND) LIMITED,HSBC
HSBC INSTITUTIONAL TRUST SERVICES (BERMUDA) LIMITED,HSBC
HSBC INSTITUTIONAL TRUST SERVICES (IRELAND) LIMITED,HSBC
HSBC INSTITUTIONAL TRUST SERVICES (IRELAND) LIMITED,HSBC
HSBC INSTITUTIONAL TRUST SERVICES (SINGAPORE) LIMITED,HSBC
HSBC LIMITED,HSBC
HSBC LIMITED,HSBC
HSBC LIMITED,HSBC
HSBC LIMITED,HSBC
"HSBC MEXICO, S.A. INSTITUTION DE BANCA MULTIPLE GRUPO FINANCIERO",HSBC
HSBC MIDDLE EAST LTD.,HSBC
HSBC MIDDLE EAST LTD.,HSBC
HSBC MIDDLE EAST LTD.,HSBC
HSBC PLC,HSBC
HSBC PRIVATE BANK,HSBC
HSBC SECURITIES (USA) INC.,HSBC
HSBC SECURITIES SERVICES,HSBC
"HSBC USA, N.A.",HSBC
HUDSON & CEI,Hudson & Cie
IC SECURITIES,IC Securities
ICICI BANK LIMITED,ICICI Bank
IMARA EDWARDS SECURITIES LIMITED,Imara Edwards Securities
INDUSTRIAL AND COMMERCIAL BANK OF CHINA FINANCIAL SERVICES LLC,Industrial and Commercial Bank of China Financial Services
INDUSTRIAL AND COMMERCIAL BANK OF CHINA FINANCIAL SERVICES LLC,Industrial and Commercial Bank of China Financial Services
INDUSTRIAL AND COMMERCIAL BANK OF CHINA FINANCIAL SERVICES LLC,Industrial and Commercial Bank of China Financial Services
INDUSTRIAL AND COMMERCIAL BANK OF CHINA FINANCIAL SERVICES LLC,Industrial and Commercial Bank of China Financial Services
INDUSTRIAL BANK OF CHINA,Industrial and Commercial Bank of China Financial Services
ING BANK,ING Bank
ING BANK,ING Bank
ING BANK N.V.,ING Bank
ING BANK N.V.,ING Bank
ING LUXEMBOURG S.A.,ING Bank
"ING LUXEMBOURG, S.A.",ING Bank
INTERACTIVE BROKERS,Interactive Brokers
INTERACTIVE BROKERS,Interactive Brokers
INTERACTIVE BROKERS (U.K.) LIMITED,Interactive Brokers
INTERACTIVE BROKERS CORP.,Interactive Brokers
INTERACTIVE BROKERS CORP.,Interactive Brokers
INTERACTIVE BROKERS CORPORATION,Interactive Brokers
"INTERACTIVE BROKERS GROUP, INC.",Interactive Brokers
INTERACTIVE BROKERS LLC,Interactive Brokers
INTERACTIVE BROKERS LLC,Interactive Brokers
INTERACTIVE BROKERS LLC,Interactive Brokers
INTERACTIVE BROKERS LLC,Interactive Brokers
INTERACTIVE BROKERS LLC,Interactive Brokers
INTERACTIVE BROKERS LLC,Interactive Brokers
INTERACTIVE BROKERS LLC,Interactive Brokers
INTERACTIVE BROKERS LLC,Interactive Brokers
"INTERACTIVE BROKERS, LLC",Interactive Brokers
INTERCLEAR CENTRAL DE VALORES,InterClear Central De Valores
INTERNATIONAL FUND SERVICES NA LLC,International Fund Services
INTL FCSTONE,INTL FCStone
INTL FCSTONE FINANCIAL INC.,INTL FCStone
"INVESTMENT BANK ""VESTA"" (LLC)",Investment Bank Vesta
J P MORGAN PRIVATE BANK,J.P. Morgan
J. ARON & COMPANY,J.P. Morgan
J. P. MORGAN PRIVATE BANK,J.P. Morgan
"J.P MORGAN CHASE BANK, N.A.",J.P. Morgan
J.P. MORGAN,J.P. Morgan
J.P. MORGAN BANK (IRELAND) PLC,J.P. Morgan
J.P. MORGAN CHASE,J.P. Morgan
J.P. MORGAN CHASE & CO,J.P. Morgan
J.P. MORGAN CHASE & CO,J.P. Morgan
J.P. MORGAN CHASE & CO,J.P. Morgan
J.P. MORGAN CHASE & CO.,J.P. Morgan
J.P. MORGAN CHASE & CO.,J.P. Morgan
J.P. MORGAN CHASE & CO.,J.P. Morgan
J.P. MORGAN CHASE & CO.,J.P. Morgan
J.P. MORGAN CHASE & CO.,J.P. Morgan
J.P. MORGAN CHASE BANK,J.P. Morgan
J.P. MORGAN CHASE BANK,J.P. Morgan
J.P. MORGAN CHASE BANK,J.P. Morgan
J.P. MORGAN CHASE BANK,J.P. Morgan
J.P. MORGAN CHASE BANK N.A.,J.P. Morgan
J.P. MORGAN CHASE BANK N.A.,J.P. Morgan
J.P. MORGAN CHASE BANK NA,J.P. Morgan
J.P. MORGAN CHASE BANK NA,J.P. Morgan
"J.P. MORGAN CHASE BANK, N.A.",J.P. Morgan
"J.P. MORGAN CHASE BANK, N.A.",J.P. Morgan
"J.P. MORGAN CHASE BANK, N.A.",J.P. Morgan
"J.P. MORGAN CHASE BANK, N.A.",J.P. Morgan
"J.P. MORGAN CHASE BANK, N.A.",J.P. Morgan
"J.P. MORGAN CHASE BANK, N.A.",J.P. Morgan
"J.P. MORGAN CHASE BANK, N.A..",J.P. Morgan
"J.P. MORGAN CHASE BANK, NA",J.P. Morgan
"J.P. MORGAN CHASE BANK, NA",J.P. Morgan
"J.P. MORGAN CHASE BANK, NA",J.P. Morgan
"J.P. MORGAN CHASE BANK, NA",J.P. Morgan
"J.P. MORGAN CHASE BANK, NA",J.P. Morgan
"J.P. MORGAN CHASE, N.A.",J.P. Morgan
"J.P. MORGAN CHASE, N.A.",J.P. Morgan
"J.P. MORGAN CHASE, NA",J.P. Morgan
J.P. MORGAN CLEARING CORP.,J.P. Morgan
J.P. MORGAN CLEARING CORP.,J.P. Morgan
J.P. MORGAN CLEARING CORP.,J.P. Morgan
J.P. MORGAN CLEARING CORP.,J.P. Morgan
J.P. MORGAN CLEARING CORP.,J.P. Morgan
J.P. MORGAN CLEARING CORP.,J.P. Morgan
J.P. MORGAN CLEARING CORP.,J.P. Morgan
J.P. MORGAN CLEARING CORP.,J.P. Morgan
J.P. MORGAN CLEARING CORP.,J.P. Morgan
J.P. MORGAN CLEARING CORP.,J.P. Morgan
J.P. MORGAN CLEARING CORP.,J.P. Morgan
J.P. MORGAN CLEARING CORP.,J.P. Morgan
J.P. MORGAN CLEARING CORP.,J.P. Morgan
J.P. MORGAN CLEARING CORP.,J.P. Morgan
J.P. MORGAN PRIVATE BANK,J.P. Morgan
J.P. MORGAN PRIVATE BANK,J.P. Morgan
J.P. MORGAN SECURITIES INC.,J.P. Morgan
J.P. MORGAN SECURITIES INC.,J.P. Morgan
J.P. MORGAN SECURITIES INC.,J.P. Morgan
J.P. MORGAN SECURITIES INC.,J.P. Morgan
J.P. MORGAN SECURITIES INC.,J.P. Morgan
J.P. MORGAN SECURITIES INC.,J.P. Morgan
J.P. MORGAN SECURITIES INC.,J.P. Morgan
J.P. MORGAN SECURITIES INC.,J.P. Morgan
J.P. MORGAN SECURITIES LLC,J.P. Morgan
J.P. MORGAN SECURITIES LLC,J.P. Morgan
J.P. MORGAN SECURITIES LLC,J.P. Morgan
J.P. MORGAN SECURITIES LLC,J.P. Morgan
J.P. MORGAN SECURITIES LLC,J.P. Morgan
J.P. MORGAN SECURITIES LLC,J.P. Morgan
J.P. MORGAN SECURITIES LLC,J.P. Morgan
J.P. MORGAN SECURITIES LLC,J.P. Morgan
J.P. MORGAN SECURITIES LLC,J.P. Morgan
J.P. MORGAN SECURITIES LLC,J.P. Morgan
J.P. MORGAN SECURITIES LLC,J.P. Morgan
J.P. MORGAN SECURITIES LLC,J.P. Morgan
J.P. MORGAN SECURITIES LLC,J.P. Morgan
J.P. MORGAN SECURITIES LLC,J.P. Morgan
J.P. MORGAN SECURITIES LLC,J.P. Morgan
J.P. MORGAN SECURITIES LLC,J.P. Morgan
J.P. MORGAN SECURITIES PLC,J.P. Morgan
J.P. MORGAN SECURITIES PLC,J.P. Morgan
J.P. MORGAN SECURITIES PLC,J.P. Morgan
"J.P. MORGAN SECURITIES, LLC",J.P. Morgan
JAMAICA CENTRAL SECURITIES DEPOSITORY LIMITED,Jamaica Central Securities Depository
JEFFERIES & CO.,Jefferies
JEFFERIES & COMPANY INC,Jefferies
"JEFFERIES & COMPANY, INC.",Jefferies
"JEFFERIES & COMPANY, INC.",Jefferies
"JEFFERIES BACHE FINANCIAL SERVICES, INC.",Jefferies
"JEFFERIES FINANCIAL SERVICES, INC.",Jefferies
JEFFERIES GROUP INC.,Jefferies
JEFFERIES INTERNATIONAL LIMITED,Jefferies
JEFFERIES LLC,Jefferies
JEFFERIES LLC,Jefferies
JEFFERIES LLC,Jefferies
JEFFERIES LLC,Jefferies
JEFFERIES LLC,Jefferies
JEFFERIES LLC,Jefferies
JEFFERIES LLC,Jefferies
JEFFERIES LLC,Jefferies
JEFFERIES LLC,Jefferies
JEFFERIES LLC,Jefferies
JP MORGAN,J.P. Morgan
JP MORGAN,J.P. Morgan
JP MORGAN,J.P. Morgan
JP MORGAN CCVM SA,J.P. Morgan
JP MORGAN CHASE,J.P. Morgan
JP MORGAN CHASE,J.P. Morgan
JP MORGAN CHASE & CO,J.P. Morgan
JP MORGAN CHASE & CO.,J.P. Morgan
JP MORGAN CHASE & CO.,J.P. Morgan
JP MORGAN CHASE & CO.,J.P. Morgan
JP MORGAN CHASE BANK,J.P. Morgan
JP MORGAN CHASE BANK,J.P. Morgan
JP MORGAN CHASE BANK,J.P. Morgan
JP MORGAN CHASE BANK,J.P. Morgan
JP MORGAN CHASE BANK,J.P. Morgan
JP MORGAN CHASE BANK,J.P. Morgan
JP MORGAN CHASE BANK N.A.,J.P. Morgan
JP MORGAN CHASE BANK N.A.,J.P. Morgan
JP MORGAN CHASE BANK N.A.,J.P. Morgan
JP MORGAN CHASE BANK N.A.,J.P. Morgan
JP MORGAN CHASE BANK NA,J.P. Morgan
JP MORGAN CHASE BANK NA,J.P. Morgan
JP MORGAN CHASE BANK NA,J.P. Morgan
JP MORGAN CHASE BANK NA,J.P. Morgan
JP MORGAN CHASE BANK NA,J.P. Morgan
JP MORGAN CHASE BANK NA,J.P. Morgan
JP MORGAN CHASE BANK NEW YORK,J.P. Morgan
JP MORGAN CHASE BANK NEW YORK,J.P. Morgan
"JP MORGAN CHASE BANK, N.A.",J.P. Morgan
"JP MORGAN CHASE BANK, N.A.",J.P. Morgan
"JP MORGAN CHASE BANK, N.A.",J.P. Morgan
"JP MORGAN CHASE BANK, N.A.",J.P. Morgan
"JP MORGAN CHASE BANK, N.A.",J.P. Morgan
"JP MORGAN CHASE BANK, N.A.",J.P. Morgan
"JP MORGAN CHASE BANK, N.A.",J.P. Morgan
"JP MORGAN CHASE BANK, N.A.",J.P. Morgan
"JP MORGAN CHASE BANK, N.A.",J.P. Morgan
"JP MORGAN CHASE BANK, N.A.",J.P. Morgan
"JP MORGAN CHASE BANK, N.A.",J.P. Morgan
"JP MORGAN CHASE BANK, N.A.",J.P. Morgan
"JP MORGAN CHASE BANK, N.A.",J.P. Morgan
"JP MORGAN CHASE BANK, NA",J.P. Morgan
"JP MORGAN CHASE BANK, NA",J.P. Morgan
"JP MORGAN CHASE BANK, NA",J.P. Morgan
"JP MORGAN CHASE BANK, NA",J.P. Morgan
"JP MORGAN CHASE BANK, NATIONAL ASSOCIATION",J.P. Morgan
JP MORGAN CHASE N.A,J.P. Morgan
JP MORGAN CLEARING CORP,J.P. Morgan
JP MORGAN CLEARING CORP,J.P. Morgan
JP MORGAN CLEARING CORP,J.P. Morgan
JP MORGAN CLEARING CORP,J.P. Morgan
JP MORGAN CLEARING CORP,J.P. Morgan
JP MORGAN CLEARING CORP,J.P. Morgan
JP MORGAN CLEARING CORP,J.P. Morgan
JP MORGAN CLEARING CORP.,J.P. Morgan
JP MORGAN CLEARING CORP.,J.P. Morgan
JP MORGAN CLEARING CORP.,J.P. Morgan
JP MORGAN FUTURES (KOREA) LIMITED,J.P. Morgan
JP MORGAN MARKETS LIMITED,J.P. Morgan
JP MORGAN MARKETS LIMITED,J.P. Morgan
JP MORGAN MARKETS LIMITED,J.P. Morgan
JP MORGAN MARKETS LIMITED,J.P. Morgan
JP MORGAN MARKETS LIMITED,J.P. Morgan
JP MORGAN SECURITIES,J.P. Morgan
JP MORGAN SECURITIES (TAIWAN) LIMITED,J.P. Morgan
JP MORGAN SECURITIES LLC,J.P. Morgan
JP MORGAN SECURITIES LLC,J.P. Morgan
JP MORGAN SECURITIES LLC,J.P. Morgan
JP MORGAN SECURITIES LLC,J.P. Morgan
JP MORGAN SECURITIES LTD.,J.P. Morgan
JP MORGAN SECURITIES LTD.,J.P. Morgan
JP MORGAN SECURITIES PLC,J.P. Morgan
JP MORGAN SECURITIES PLC,J.P. Morgan
JP MORGAN SECURITIES PLC,J.P. Morgan
"JP MORGAN SECURITIES, LLC",J.P. Morgan
JP MORGAN TRUST COMPANY OF DELAWARE,J.P. Morgan
JPMORGAN ASSET MANAGEMENT (EUROPE) S.A R.L.,J.P. Morgan
JPMORGAN CHASE,J.P. Morgan
JPMORGAN CHASE & CO.,J.P. Morgan
JPMORGAN CHASE BANK,J.P. Morgan
JPMORGAN CHASE BANK,J.P. Morgan
JPMORGAN CHASE BANK,J.P. Morgan
JPMORGAN CHASE BANK N.A.,J.P. Morgan
JPMORGAN CHASE BANK N.A.,J.P. Morgan
JPMORGAN CHASE BANK NA,J.P. Morgan
JPMORGAN CHASE BANK NA,J.P. Morgan
"JPMORGAN CHASE BANK, N.A.",J.P. Morgan
"JPMORGAN CHASE BANK, N.A.",J.P. Morgan
"JPMORGAN CHASE BANK, N.A.",J.P. Morgan
"JPMORGAN CHASE BANK, N.A.",J.P. Morgan
"JPMORGAN CHASE BANK, N.A.",J.P. Morgan
"JPMORGAN CHASE BANK, N.A.",J.P. Morgan
"JPMORGAN CHASE BANK, N.A.",J.P. Morgan
"JPMORGAN CHASE BANK, N.A.",J.P. Morgan
"JPMORGAN CHASE BANK, N.A.",J.P. Morgan
"JPMORGAN CHASE BANK, N.A.",J.P. Morgan
"JPMORGAN CHASE BANK, N.A.",J.P. Morgan
"JPMORGAN CHASE BANK, NA",J.P. Morgan
"JPMORGAN CHASE BANK, NA",J.P. Morgan
"JPMORGAN CHASE BANK, NA",J.P. Morgan
"JPMORGAN CHASE BANK, NATIONAL ASSOCIATION",J.P. Morgan
"JPMORGAN CHASE, N.A.",J.P. Morgan
"JPMORGAN CHASE, N.A.",J.P. Morgan
"JPMORGAN CHASE, N.A..",J.P. Morgan
KCB RWANDA,KCB Rwanda
KEYBANK,KeyBank
KEYBANK,KeyBank
KEYBANK NA,KeyBank
KEYBANK NA,KeyBank
"KGS-ALPHA CAPITAL MARKETS, L.P.",KGS-Alpha Capital Markets
KLEINWORT BENSON (CHANNEL ISLANDS) LTD,Kleinwort Benson
KLEINWORT BENSON (GUERNSEY) LIMITED,Kleinwort Benson
"KOREA INVESTMENT & SECURITIES CO., LTD.",Korea Investment & Securities
"KOREA INVESTMENT & SECURITIES CO., LTD.",Korea Investment & Securities
KOTAK INFINITI,Kotak Mahindra Bank
KOTAK MAHINDRA BANK,Kotak Mahindra Bank
KOTAK MAHINDRA BANK LIMITED,Kotak Mahindra Bank
KOTAK MAHINDRA BANK LIMITED,Kotak Mahindra Bank
KOTAK MAHINDRA BANK LIMITED,Kotak Mahindra Bank
"KOTAK MAHINDRA, LTD",Kotak Mahindra Bank
KOTAK SECURITIES,Kotak Mahindra Bank
"KT ZMICO SECURITIES CO., LTD.",KT Zmico Securities Company
KT-ZMICO,KT Zmico Securities Company
LADENBURG THALMANN & CO. INC.,Ladenburg Thalmann Financial Services
LADENBURG THALMANN & CO. INC.,Ladenburg Thalmann Financial Services
LOOMIS INTERNATIONAL (UK) LIMITED,Loomis International
M&T BANK,M&T Bank
MAC S.A.,MAC SA
MACQUARIE BANK LIMITED,Macquarie Bank
MACQUARIE BANK LIMITED,Macquarie Bank
MACQUARIE BANK LIMITED,Macquarie Bank
MACQUARIE BANK LIMITED,Macquarie Bank
MAPLES FUND SERVICES (CAYMAN) LIMITED,Maples Fund Services
MAXIM GROUP LLC,Maxim Group
MAXIM GROUP LLC,Maxim Group
MAXIM GROUP LLC,Maxim Group
MERRIILL LYNCH PROFESSIONAL CLEARING CORP.,Merrill Lynch International
"MERRILL LYNCH CAPITAL SERVICES, INC.",Merrill Lynch International
"MERRILL LYNCH FINANCIAL MARKETS, INC",Merrill Lynch International
"MERRILL LYNCH FINANCIAL MARKETS, INC",Merrill Lynch International
"MERRILL LYNCH FINANCIAL MARKETS, INC.",Merrill Lynch International
"MERRILL LYNCH FINANCIAL MARKETS, INC.",Merrill Lynch International
MERRILL LYNCH GOVERNMENT SECURITIES INC.,Merrill Lynch International
MERRILL LYNCH INTERNATIONAL,Merrill Lynch International
MERRILL LYNCH INTERNATIONAL,Merrill Lynch International
MERRILL LYNCH INTERNATIONAL,Merrill Lynch International
MERRILL LYNCH INTERNATIONAL,Merrill Lynch International
MERRILL LYNCH INTERNATIONAL,Merrill Lynch International
MERRILL LYNCH INTERNATIONAL,Merrill Lynch International
MERRILL LYNCH INTERNATIONAL,Merrill Lynch International
MERRILL LYNCH INTERNATIONAL,Merrill Lynch International
MERRILL LYNCH INTERNATIONAL,Merrill Lynch International
MERRILL LYNCH INTERNATIONAL,Merrill Lynch International
MERRILL LYNCH INTERNATIONAL,Merrill Lynch International
MERRILL LYNCH INTERNATIONAL,Merrill Lynch International
MERRILL LYNCH INTERNATIONAL,Merrill Lynch International
MERRILL LYNCH INTERNATIONAL,Merrill Lynch International
MERRILL LYNCH INTERNATIONAL,Merrill Lynch International
MERRILL LYNCH INTERNATIONAL,Merrill Lynch International
MERRILL LYNCH INTERNATIONAL INC,Merrill Lynch International
MERRILL LYNCH INTERNATIONAL INC. SEOUL BRANCH,Merrill Lynch International
MERRILL LYNCH INTERNATIONAL LIMITED,Merrill Lynch International
MERRILL LYNCH PROFESSIONAL CLEARING CORP,Merrill Lynch International
MERRILL LYNCH PROFESSIONAL CLEARING CORP,Merrill Lynch International
MERRILL LYNCH PROFESSIONAL CLEARING CORP.,Merrill Lynch International
MERRILL LYNCH PROFESSIONAL CLEARING CORP.,Merrill Lynch International
MERRILL LYNCH PROFESSIONAL CLEARING CORP.,Merrill Lynch International
MERRILL LYNCH PROFESSIONAL CLEARING CORP.,Merrill Lynch International
MERRILL LYNCH PROFESSIONAL CLEARING CORP.,Merrill Lynch International
MERRILL LYNCH PROFESSIONAL CLEARING CORP.,Merrill Lynch International
MERRILL LYNCH PROFESSIONAL CLEARING CORP.,Merrill Lynch International
MERRILL LYNCH PROFESSIONAL CLEARING CORP.,Merrill Lynch International
MERRILL LYNCH PROFESSIONAL CLEARING CORP.,Merrill Lynch International
MERRILL LYNCH PROFESSIONAL CLEARING CORP.,Merrill Lynch International
MERRILL LYNCH PROFESSIONAL CLEARING CORP.,Merrill Lynch International
MERRILL LYNCH PROFESSIONAL CLEARING CORP.,Merrill Lynch International
MERRILL LYNCH PROFESSIONAL CLEARING CORP.,Merrill Lynch International
MERRILL LYNCH PROFESSIONAL CLEARING CORP.,Merrill Lynch International
MERRILL LYNCH PROFESSIONAL CLEARING CORP.,Merrill Lynch International
MILLENIUM TRUST,Millennium Trust Company
MILLENIUM TRUST COMPANY,Millennium Trust Company
MILLENNIUM TRUST CO,Millennium Trust Company
MILLENNIUM TRUST COMPANY,Millennium Trust Company
MILLENNIUM TRUST COMPANY,Millennium Trust Company
MILLENNIUM TRUST COMPANY,Millennium Trust Company
MILLENNIUM TRUST COMPANY LLC,Millennium Trust Company
MITSUBISHI UFJ GLOBAL CUSTODY SA,Mitsubishi UFJ Global Custody
MIZUHO SECURITIES USA INC.,Mizuho Securities
MIZUHO SECURITIES USA INC.,Mizuho Securities
MORGAN STANELY & CO. LLC,Morgan Stanley
MORGAN STANLEY,Morgan Stanley
MORGAN STANLEY,Morgan Stanley
MORGAN STANLEY,Morgan Stanley
MORGAN STANLEY & CO INT PLC,Morgan Stanley
MORGAN STANLEY & CO INT PLC,Morgan Stanley
MORGAN STANLEY & CO INT PLC,Morgan Stanley
MORGAN STANLEY & CO INT PLC,Morgan Stanley
MORGAN STANLEY & CO INT PLC,Morgan Stanley
MORGAN STANLEY & CO INT PLC,Morgan Stanley
MORGAN STANLEY & CO INT PLC,Morgan Stanley
MORGAN STANLEY & CO INTERNATIONAL,Morgan Stanley
MORGAN STANLEY & CO INTERNATIONAL,Morgan Stanley
MORGAN STANLEY & CO INTERNATIONAL LTD,Morgan Stanley
MORGAN STANLEY & CO INTERNATIONAL PLC,Morgan Stanley
MORGAN STANLEY & CO INTERNATIONAL PLC,Morgan Stanley
MORGAN STANLEY & CO INTERNATIONAL PLC,Morgan Stanley
MORGAN STANLEY & CO INTERNATIONAL PLC,Morgan Stanley
MORGAN STANLEY & CO INTERNATIONAL PLC,Morgan Stanley
MORGAN STANLEY & CO INTERNATIONAL PLC,Morgan Stanley
"MORGAN STANLEY & CO INTERNATIONAL, PLC",Morgan Stanley
"MORGAN STANLEY & CO INTERNATIONAL, PLC",Morgan Stanley
MORGAN STANLEY & CO INTL PLC,Morgan Stanley
MORGAN STANLEY & CO INTL PLC,Morgan Stanley
MORGAN STANLEY & CO LLC,Morgan Stanley
MORGAN STANLEY & CO LLC,Morgan Stanley
MORGAN STANLEY & CO LLC,Morgan Stanley
MORGAN STANLEY & CO LLC,Morgan Stanley
"MORGAN STANLEY & CO, INTERNATIONAL PLC",Morgan Stanley
"MORGAN STANLEY & CO, LLC",Morgan Stanley
MORGAN STANLEY & CO. INCORPORATED,Morgan Stanley
MORGAN STANLEY & CO. INCORPORATED,Morgan Stanley
MORGAN STANLEY & CO. INCORPORATED,Morgan Stanley
MORGAN STANLEY & CO. INCORPORATED,Morgan Stanley
MORGAN STANLEY & CO. INCORPORATED,Morgan Stanley
MORGAN STANLEY & CO. INCORPORATED,Morgan Stanley
MORGAN STANLEY & CO. INT PLC,Morgan Stanley
MORGAN STANLEY & CO. INT PLC,Morgan Stanley
MORGAN STANLEY & CO. INT PLC,Morgan Stanley
MORGAN STANLEY & CO. INTERNATIONAL,Morgan Stanley
MORGAN STANLEY & CO. INTERNATIONAL,Morgan Stanley
MORGAN STANLEY & CO. INTERNATIONAL PLC,Morgan Stanley
MORGAN STANLEY & CO. INTERNATIONAL PLC,Morgan Stanley
MORGAN STANLEY & CO. INTERNATIONAL PLC,Morgan Stanley
MORGAN STANLEY & CO. INTERNATIONAL PLC,Morgan Stanley
MORGAN STANLEY & CO. INTERNATIONAL PLC,Morgan Stanley
MORGAN STANLEY & CO. INTERNATIONAL PLC,Morgan Stanley
MORGAN STANLEY & CO. INTERNATIONAL PLC,Morgan Stanley
MORGAN STANLEY & CO. INTERNATIONAL PLC,Morgan Stanley
MORGAN STANLEY & CO. INTERNATIONAL PLC,Morgan Stanley
MORGAN STANLEY & CO. INTERNATIONAL PLC,Morgan Stanley
MORGAN STANLEY & CO. INTERNATIONAL PLC,Morgan Stanley
MORGAN STANLEY & CO. INTERNATIONAL PLC,Morgan Stanley
MORGAN STANLEY & CO. INTERNATIONAL PLC,Morgan Stanley
MORGAN STANLEY & CO. INTERNATIONAL PLC,Morgan Stanley
MORGAN STANLEY & CO. INTERNATIONAL PLC,Morgan Stanley
MORGAN STANLEY & CO. INTERNATIONAL PLC,Morgan Stanley
MORGAN STANLEY & CO. INTERNATIONAL PLC,Morgan Stanley
MORGAN STANLEY & CO. INTERNATIONAL PLC,Morgan Stanley
MORGAN STANLEY & CO. INTERNATIONAL PLC,Morgan Stanley
MORGAN STANLEY & CO. INTERNATIONAL PLC.,Morgan Stanley
MORGAN STANLEY & CO. INTERNATIONAL PLC.,Morgan Stanley
MORGAN STANLEY & CO. INTERNATIONAL PLC.,Morgan Stanley
MORGAN STANLEY & CO. LLC,Morgan Stanley
MORGAN STANLEY & CO. LLC,Morgan Stanley
MORGAN STANLEY & CO. LLC,Morgan Stanley
MORGAN STANLEY & CO. LLC,Morgan Stanley
MORGAN STANLEY & CO. LLC,Morgan Stanley
MORGAN STANLEY & CO. LLC,Morgan Stanley
MORGAN STANLEY & CO. LLC,Morgan Stanley
MORGAN STANLEY & CO. LLC,Morgan Stanley
MORGAN STANLEY & CO. LLC,Morgan Stanley
MORGAN STANLEY & CO. LLC,Morgan Stanley
MORGAN STANLEY & CO. LLC,Morgan Stanley
MORGAN STANLEY & CO. LLC,Morgan Stanley
MORGAN STANLEY & CO. LLC,Morgan Stanley
MORGAN STANLEY & CO. LLC,Morgan Stanley
MORGAN STANLEY & CO. LLC,Morgan Stanley
MORGAN STANLEY & CO. LLC,Morgan Stanley
MORGAN STANLEY & CO. LLC,Morgan Stanley
MORGAN STANLEY & CO. LLC,Morgan Stanley
MORGAN STANLEY & CO. LLC,Morgan Stanley
MORGAN STANLEY & CO. LLC,Morgan Stanley
MORGAN STANLEY & CO. LLC AND AFFILIATED QUALIFIED CUSTODIANS,Morgan Stanley
MORGAN STANLEY & CO. LLC AND AFFILIATED QUALIFIED CUSTODIANS,Morgan Stanley
"MORGAN STANLEY & CO., INC.",Morgan Stanley
MORGAN STANLEY CAPITAL GROUP INC.,Morgan Stanley
MORGAN STANLEY CAPITAL PRODUCTS LLC,Morgan Stanley
MORGAN STANLEY CAPITAL PRODUCTS LLC,Morgan Stanley
MORGAN STANLEY CAPITAL PRODUCTS LLC,Morgan Stanley
MORGAN STANLEY CAPITAL SERVICES,Morgan Stanley
MORGAN STANLEY CAPITAL SERVICES INC,Morgan Stanley
MORGAN STANLEY CAPITAL SERVICES INC,Morgan Stanley
MORGAN STANLEY CAPITAL SERVICES INC,Morgan Stanley
MORGAN STANLEY CAPITAL SERVICES INC.,Morgan Stanley
MORGAN STANLEY CAPITAL SERVICES INC.,Morgan Stanley
MORGAN STANLEY CAPITAL SERVICES INC.,Morgan Stanley
MORGAN STANLEY CAPITAL SERVICES LLC,Morgan Stanley
MORGAN STANLEY CAPITAL SERVICES LLC,Morgan Stanley
MORGAN STANLEY CAPITAL SERVICES LLC,Morgan Stanley
MORGAN STANLEY CAPITAL SERVICES LLC,Morgan Stanley
MORGAN STANLEY CAPITAL SERVICES LLC,Morgan Stanley
MORGAN STANLEY CAPITAL SERVICES LLC,Morgan Stanley
MORGAN STANLEY CAPITAL SERVICES LLC,Morgan Stanley
MORGAN STANLEY CAPITAL SERVICES LLC,Morgan Stanley
MORGAN STANLEY CAPITAL SERVICES LLC,Morgan Stanley
MORGAN STANLEY CAPITAL SERVICES LLC,Morgan Stanley
MORGAN STANLEY CAPITAL SERVICES LLC,Morgan Stanley
MORGAN STANLEY CAPITAL SERVICES LLC,Morgan Stanley
MORGAN STANLEY CAPITAL SERVICES LLC,Morgan Stanley
MORGAN STANLEY CAPITAL SERVICES LLC,Morgan Stanley
MORGAN STANLEY CAPITAL SERVICES LLC,Morgan Stanley
MORGAN STANLEY CAPITAL SERVICES LLC,Morgan Stanley
MORGAN STANLEY CAPITAL SERVICES LLC.,Morgan Stanley
"MORGAN STANLEY CAPITAL SERVICES, INC.",Morgan Stanley
"MORGAN STANLEY CAPITAL SERVICES, INC.",Morgan Stanley
"MORGAN STANLEY CAPITAL SERVICES, LLC",Morgan Stanley
"MORGAN STANLEY CAPITAL SERVICES, LLC",Morgan Stanley
"MORGAN STANLEY CAPITAL SERVICES, LLC",Morgan Stanley
"MORGAN STANLEY CAPITAL SERVICES, LLC",Morgan Stanley
"MORGAN STANLEY CAPITAL SERVICES, LLC",Morgan Stanley
MORGAN STANLEY INSTITUTIONAL LIQUIDITY FUNDS,Morgan Stanley
MORGAN STANLEY INTERNATIONAL LIMITED,Morgan Stanley
MORGAN STANLEY INTERNATIONAL PLC,Morgan Stanley
MORGAN STANLEY LIQUIDITY FUNDS,Morgan Stanley
MORGAN STANLEY PRIVATE BANK,Morgan Stanley
MORGAN STANLEY PRIVATE BANK ASSOCIATION,Morgan Stanley
MORGAN STANLEY PRIVATE BANK NA,Morgan Stanley
MORGAN STANLEY PRIVATE BANK NATIONAL ASSOCIATION,Morgan Stanley
MORGAN STANLEY PRIVATE BANK NATIONAL ASSOCIATION,Morgan Stanley
"MORGAN STANLEY PRIVATE BANK, N.A.",Morgan Stanley
"MORGAN STANLEY PRIVATE BANK, NA",Morgan Stanley
"MORGAN STANLEY PRIVATE BANK, NATIONAL ASSOCIATION",Morgan Stanley
"MORGAN STANLEY PRIVATE BANK, NATIONAL ASSOCIATION",Morgan Stanley
"MORGAN STANLEY PRIVATE BANK, NATIONAL ASSOCIATION",Morgan Stanley
"MORGAN STANLEY PRIVATE BANK, NATIONAL ASSOCIATION",Morgan Stanley
"MORGAN STANLEY PRIVATE BANK, NATIONAL ASSOCIATION",Morgan Stanley
"MORGAN STANLEY PRIVATE BANK, NATIONAL ASSOCIATION",Morgan Stanley
"MORGAN STANLEY PRIVATE BANK, NATIONAL ASSOCIATION",Morgan Stanley
"MORGAN STANLEY PRIVATE BANK, NATIONAL ASSOCIATION.",Morgan Stanley
MORGAN STANLEY SECURITIES LIMITED,Morgan Stanley
MORGAN STANLEY SECURITIES LIMITED,Morgan Stanley
MORGAN STANLEY SERVICES,Morgan Stanley
MORGAN STANLEY SERVICES,Morgan Stanley
MORGAN STANLEY SERVICES,Morgan Stanley
MORGAN STANLEY SMITH BARNEY LLC,Morgan Stanley Smith Barney
MORGAN STANLEY SMITH BARNEY LLC,Morgan Stanley Smith Barney
MORGAN STANLEY SMITH BARNEY LLC,Morgan Stanley Smith Barney
MORGAN STANLEY SMITH BARNEY LLC,Morgan Stanley Smith Barney
MORGAN STANLEY SMITH BARNEY LLC,Morgan Stanley Smith Barney
MORGAN STANLEY SMITH BARNEY LLC,Morgan Stanley Smith Barney
MORGAN STANLEY SMITH BARNEY LLC,Morgan Stanley Smith Barney
MORGAN STANLEY SMITH BARNEY LLC,Morgan Stanley Smith Barney
MORGAN STANLEY TRUST NATIONAL ASSOCIATION,Morgan Stanley
MORGAN STANLEY TRUST NATIONAL ASSOCIATION,Morgan Stanley
MORGAN STANLEY TRUST NATIONAL ASSOCIATION,Morgan Stanley
MUFG ALTERNATIVE FUND SERVICES (CAYMAN) LIMITED,MUFG Union Bank
MUFG ALTERNATIVE FUND SERVICES (CAYMAN) LIMITED,MUFG Union Bank
MUFG ALTERNATIVE FUND SERVICES (CAYMAN) LIMITED,MUFG Union Bank
MUFG ALTERNATIVE FUND SERVICES (CAYMAN) LTD,MUFG Union Bank
MUFG ALTERNATIVE FUND SERVICES (CAYMAN) LTD.,MUFG Union Bank
MUFG FUND SERVICES (CAYMAN) LIMITED,MUFG Union Bank
MUFG FUND SERVICES (CAYMAN) LTD.,MUFG Union Bank
MUFG INVESTOR SERVICES,MUFG Union Bank
MUFG UNION BANK,MUFG Union Bank
MUFG UNION BANK N.A.,MUFG Union Bank
MUFG UNION BANK N.A.,MUFG Union Bank
"MUFG UNION BANK, N.A.",MUFG Union Bank
"MUFG UNION BANK, N.A.",MUFG Union Bank
NEWEDGE UK FINANCIAL LIMITED,Societe Generale Newedge UK
NEWEDGE UK FINANCIAL LIMITED,Societe Generale Newedge UK
"NEWEDGE USA, LLC",Societe Generale Newedge UK
"NEWEDGE USA, LLC",Societe Generale Newedge UK
"NEWEDGE USA, LLC",Societe Generale Newedge UK
NEXBANK SSB,NexBank
NLB TUTUNSKA BANKA AD SKOPJE,NLB Tutunska banka
NOMURA SECURITIES INTERNATIONAL INC,Nomura Securities
"NOMURA SECURITIES INTERNATIONAL, INC",Nomura Securities
"NOMURA SECURITIES INTERNATIONAL, INC.",Nomura Securities
"NOMURA SECURITIES INTERNATIONAL, INC.",Nomura Securities
"NOMURA SECURITIES INTERNATIONAL, INC.",Nomura Securities
"NOMURA SECURITIES INTERNATIONAL, INC.",Nomura Securities
"NOMURA SECURITIES INTERNATIONAL, INC.",Nomura Securities
"NOMURA SECURITIES INTERNATIONAL, INC.",Nomura Securities
"NOMURA SECURITIES INTERNATIONAL, INC.",Nomura Securities
"NOMURA SECURITIES INTERNATIONAL, INC.",Nomura Securities
NORTHBROOK BANK & TRUST,Northbrook Bank & Trust
NORTHBROOK BANK & TRUST,Northbrook Bank & Trust
NORTHBROOK BANK & TRUST,Northbrook Bank & Trust
NORTHBROOK BANK & TRUST,Northbrook Bank & Trust
NORTHBROOK BANK & TRUST COMPANY,Northbrook Bank & Trust
NORTHBROOK BANK & TRUST COMPANY,Northbrook Bank & Trust
NORTHBROOK BANK & TRUST COMPANY,Northbrook Bank & Trust
"NORTHBROOK BANK & TRUST, WINTRUST FUNDS GROUP",Northbrook Bank & Trust
"NORTHBROOK BANK & TRUST, WINTRUST FUNDS GROUP",Northbrook Bank & Trust
NORTHBROOK BANK AND TRUST,Northbrook Bank & Trust
NORTHBROOK BANK AND TRUST COMPANY,Northbrook Bank & Trust
NORTHERN TRUST,Northern Trust Custody Services
NORTHERN TRUST,Northern Trust Custody Services
NORTHERN TRUST,Northern Trust Custody Services
NORTHERN TRUST,Northern Trust Custody Services
NORTHERN TRUST,Northern Trust Custody Services
NORTHERN TRUST,Northern Trust Custody Services
NORTHERN TRUST,Northern Trust Custody Services
NORTHERN TRUST (GUERNSEY) LIMITED,Northern Trust Custody Services
NORTHERN TRUST (GUERNSEY) LIMITED,Northern Trust Custody Services
NORTHERN TRUST (GUERNSEY) LIMITED,Northern Trust Custody Services
NORTHERN TRUST BANK FSB,Northern Trust Custody Services
NORTHERN TRUST BANK NA,Northern Trust Custody Services
NORTHERN TRUST CO CHICAGO,Northern Trust Custody Services
NORTHERN TRUST CO.,Northern Trust Custody Services
NORTHERN TRUST COMPANY,Northern Trust Custody Services
NORTHERN TRUST COMPANY,Northern Trust Custody Services
NORTHERN TRUST COMPANY,Northern Trust Custody Services
NORTHERN TRUST COMPANY,Northern Trust Custody Services
NORTHERN TRUST COMPANY,Northern Trust Custody Services
NORTHERN TRUST COMPANY,Northern Trust Custody Services
NORTHERN TRUST COMPANY,Northern Trust Custody Services
NORTHERN TRUST COMPANY,Northern Trust Custody Services
NORTHERN TRUST COMPANY,Northern Trust Custody Services
NORTHERN TRUST CORPORATION,Northern Trust Custody Services
NORTHERN TRUST CORPORATION,Northern Trust Custody Services
NORTHERN TRUST CORPORATION,Northern Trust Custody Services
NORTHERN TRUST FIDUCIARY SERVICES (IRELAND) LIMITED,Northern Trust Custody Services
NORTHERN TRUST GLOBAL FUND SERVICES CAYMAN LIMITED,Northern Trust Custody Services
NORTHERN TRUST GLOBAL SERVICES,Northern Trust Custody Services
NORTHERN TRUST GLOBAL SERVICES LIMITED,Northern Trust Custody Services
NORTHERN TRUST HEDGE FUND SERVICES LLC,Northern Trust Custody Services
NORTHERN TRUST INTERNATIONAL BANK CORPORATION,Northern Trust Custody Services
NORTHERN TRUST INTERNATIONAL BANK CORPORATION,Northern Trust Custody Services
NORTHERN TRUST INTERNATIONAL BANK CORPORATION,Northern Trust Custody Services
NORTHERN TRUST INTERNATIONAL BANKING,Northern Trust Custody Services
NORTHERN TRUST INTERNATIONAL BANKING CORP,Northern Trust Custody Services
NORTHERN TRUST INTERNATIONAL BANKING CORP,Northern Trust Custody Services
NORTHERN TRUST INTERNATIONAL BANKING CORP,Northern Trust Custody Services
NORTHERN TRUST INTERNATIONAL BANKING CORP.,Northern Trust Custody Services
NORTHERN TRUST INTERNATIONAL BANKING CORP.,Northern Trust Custody Services
NORTHERN TRUST INTERNATIONAL BANKING CORP.,Northern Trust Custody Services
NORTHERN TRUST INTERNATIONAL BANKING CORP.,Northern Trust Custody Services
NORTHERN TRUST INTERNATIONAL BANKING CORPORATION,Northern Trust Custody Services
NORTHERN TRUST INTERNATIONAL BANKING CORPORATION,Northern Trust Custody Services
NORTHERN TRUST INTERNATIONAL BANKING CORPORATION,Northern Trust Custody Services
NORTHERN TRUST INTERNATIONAL BANKING CORPORATION,Northern Trust Custody Services
NORTHERN TRUST INTERNATIONAL BANKING CORPORATION,Northern Trust Custody Services
NORTHERN TRUST INTERNATIONAL BANKING CORPORATION,Northern Trust Custody Services
NORTHERN TRUST INTERNATIONAL BANKING CORPORATION,Northern Trust Custody Services
NORTHERN TRUST INTERNATIONAL BANKING CORPORATION,Northern Trust Custody Services
NORTHERN TRUST INTERNATIONAL BANKING CORPORATION,Northern Trust Custody Services
NORTHERN TRUST INTERNATIONAL BANKING CORPORATION,Northern Trust Custody Services
"NORTHERN TRUST SECURITIES, INC.",Northern Trust Custody Services
"NORTHERN TRUST SECURITIES, INC.",Northern Trust Custody Services
"NORTHERN TRUST SECURITIES, INC.",Northern Trust Custody Services
"NORTHERN TRUST SECURITIES, INC.",Northern Trust Custody Services
"NORTHERN TRUST SECURITIES, INC.",Northern Trust Custody Services
NOVA BANK A.D.,Nova Banka
OPPENHEIMER & CO. INC.,Oppenheim
OPPENHEIMER & CO. INC.,Oppenheim
PERSHING,Pershing Prime Services
PERSHING ADVISOR SOLUTIONS LLC,Pershing Prime Services
PERSHING ADVISOR SOLUTIONS LLC,Pershing Prime Services
PERSHING ADVISOR SOLUTIONS LLC,Pershing Prime Services
PERSHING ADVISOR SOLUTIONS LLC,Pershing Prime Services
PERSHING ADVISOR SOLUTIONS LLC,Pershing Prime Services
PERSHING LLC,Pershing Prime Services
PERSHING LLC,Pershing Prime Services
PERSHING LLC,Pershing Prime Services
PERSHING LLC,Pershing Prime Services
PERSHING LLC,Pershing Prime Services
PERSHING LLC,Pershing Prime Services
PERSHING LLC,Pershing Prime Services
PERSHING LLC,Pershing Prime Services
PERSHING LLC,Pershing Prime Services
PERSHING LLC,Pershing Prime Services
PERSHING LLC,Pershing Prime Services
PERSHING LLC,Pershing Prime Services
PERSHING LLC,Pershing Prime Services
PERSHING LLC,Pershing Prime Services
PERSHING LLC,Pershing Prime Services
"PERSHING, LLC",Pershing Prime Services
PLAINS CAPITAL BANK,PlainsCapital Bank
PLAINS CAPITAL BANK,PlainsCapital Bank
PNC BANK,PNC
PNC BANK NA,PNC
PNC BANK NA,PNC
"PNC BANK, N.A.",PNC
"PNC BANK, N.A.",PNC
"PNC BANK, N.A.",PNC
"PNC BANK, NA",PNC
"PNC BANK, NA",PNC
"PNC BANK, NA",PNC
"PNC BANK, NA",PNC
"PNC BANK, NA",PNC
"PNC BANK, NA",PNC
"PNC BANK, NA",PNC
"PNC BANK, NA",PNC
"PNC BANK,NA",PNC
PRINSBANK,PrinsBank
PRINSBANK,PrinsBank
RABEE SECURITIES,Rabee Securities
"RAND FINANCIAL SERVICES, INC.",Rand Financial Services
"RAYMOND JAMES & ASSOCIATES, INC.",Raymond James & Associates
"RAYMOND JAMES & ASSOCIATES, INC.",Raymond James & Associates
"RAYMOND JAMES & ASSOCIATES, INC.",Raymond James & Associates
RICHARDSON GMP LIMITED,Richardson GMP
RICHARDSON GMP LTD.,Richardson GMP
ROSENTHAL COLLINS GROUP,Rosenthal Collins Group
ROSENTHAL COLLINS GROUP LLC,Rosenthal Collins Group
ROSENTHAL COLLINS GROUP LLC,Rosenthal Collins Group
"ROSENTHAL COLLINS GROUP, LLC",Rosenthal Collins Group
ROYAL BANK OF SCOTLAND PLC,Royal Bank of Scotland
ROYAL BANK OF SCOTLAND PLC,Royal Bank of Scotland
S.C. BANCPOST S.A.,Bancpost
SAHEM TRADING & INVESTMENTS,Sahem Trading & Investments Company
"SAPIEN CAPITAL, LIMITED",Sapien Capital
SBI-SG GLOBAL SECURITIES SERVICES PVT LTD,SBI-SG Global Securities Services
SCHWAB,Charles Schwab & Co.
SCOTIA CAPITAL (USA) INC,Scotia Capital
SCOTIA CAPITAL (USA) INC.,Scotia Capital
SCOTIA CAPITAL (USA) INC.,Scotia Capital
SCOTIA CAPITAL (USA) INC.,Scotia Capital
SCOTIA CAPITAL (USA) INC.,Scotia Capital
SCOTIA CAPITAL (USA) INC.,Scotia Capital
"SCOTTRADE, INC.",Scottrade
"SEA PORT GROUP SECURITIES, LLC",Seaport Group Securities
SG AMERICAS SECURITIES LLC,SG Americas Securities
SG AMERICAS SECURITIES LLC,SG Americas Securities
"SG AMERICAS SECURITIES, LLC",SG Americas Securities
"SG AMERICAS SECURITIES, LLC",SG Americas Securities
"SG AMERICAS SECURITIES, LLC",SG Americas Securities
"SG AMERICAS SECURITIES, LLC",SG Americas Securities
"SG AMERICAS SECURITIES, LLC",SG Americas Securities
"SG AMERICAS SECURITIES, LLC",SG Americas Securities
"SG AMERICAS SECURITIES, LLC",SG Americas Securities
"SG AMERICAS SECURITIES, LLC",SG Americas Securities
"SG AMERICAS SECURITIES, LLC",SG Americas Securities
"SG AMERICAS SECURITIES, LLC",SG Americas Securities
"SG AMERICAS SECURITIES, LLC",SG Americas Securities
"SG AMERICAS SECURITIES, LLC",SG Americas Securities
SG HAMBROS TRUST COMPANY (CHANNEL ISLANDS) LIMITED,SG Hambros
SGI HUDSON & CIE,Hudson & Cie
SHINHAN BANK,Shinhan Bank
SIGNATURE BANK,Signature Bank
SIGNATURE BANK,Signature Bank
SIGNATURE BANK,Signature Bank
SIGNATURE BANK,Signature Bank
SIGNATURE BANK,Signature Bank
SIGNATURE BANK,Signature Bank
SIGNATURE BANK,Signature Bank
SIGNATURE SECURITIES GROUP CORPORATION,Signature Bank
SILICON VALLEY BANK,Silicon Valley Bank
SILICON VALLEY BANK,Silicon Valley Bank
SILICON VALLEY BANK,Silicon Valley Bank
SILICON VALLEY BANK,Silicon Valley Bank
SOCIETE GENERALE NEWEDGE UK LIMITED,Societe Generale Newedge UK
SOCIETE GENERALE NEWEDGE UK LIMITED,Societe Generale Newedge UK
SOCIETE GENERALE NEWEDGE UK LIMITED,Societe Generale Newedge UK
SOCIETE GENERALE NEWEDGE UK LIMITED,Societe Generale Newedge UK
SOCIETE GENERALE NEWEDGE UK LIMITED,Societe Generale Newedge UK
SOUTH STREET SECURITIES LLC,South Street Securities
SOUTH STREET SECURITIES LLC,South Street Securities
STAMFORD BANK & TRUST,Stamford Bank & Trust
STANBIC BANK TANZANIA,Stanbic Bank Tanzania
STANDARD BANK SOUTH AFRICA,Standard Bank
STANDARD BANK SOUTH AFRICA,Standard Bank
"STANDARD BANK, PLC",Standard Bank
STANDARD CHARTERED,Standard Chartered Bank
STANDARD CHARTERED BANK,Standard Chartered Bank
STANDARD CHARTERED BANK,Standard Chartered Bank
STANDARD CHARTERED BANK,Standard Chartered Bank
STANDARD CHARTERED BANK,Standard Chartered Bank
STANDARD CHARTERED BANK,Standard Chartered Bank
STANDARD CHARTERED BANK,Standard Chartered Bank
STANDARD CHARTERED BANK,Standard Chartered Bank
STANDARD CHARTERED BANK,Standard Chartered Bank
STANDARD CHARTERED BANK,Standard Chartered Bank
STANDARD CHARTERED BANK (INDIA),Standard Chartered Bank
STANDARD CHARTERED BANK (MAURITIUS) LIMITED,Standard Chartered Bank
STANDARD CHARTERED BANK (MAURITIUS) LIMITED,Standard Chartered Bank
STANDARD CHARTERED BANK (MAURITIUS) LIMITED,Standard Chartered Bank
STANDARD CHARTERED BANK (MAURITIUS) LIMITED,Standard Chartered Bank
STANDARD CHARTERED BANK (MAURITIUS) LIMITED,Standard Chartered Bank
STATE STREET,State Street Custody Services
STATE STREET ALTERNATIVE INVESTMENT SOLUTIONS,State Street Custody Services
STATE STREET BANK,State Street Custody Services
STATE STREET BANK & TRUST,State Street Custody Services
STATE STREET BANK & TRUST,State Street Custody Services
STATE STREET BANK & TRUST CO,State Street Custody Services
STATE STREET BANK & TRUST CO.,State Street Custody Services
STATE STREET BANK & TRUST CO.,State Street Custody Services
STATE STREET BANK & TRUST COMPANY,State Street Custody Services
STATE STREET BANK & TRUST COMPANY,State Street Custody Services
STATE STREET BANK & TRUST COMPANY,State Street Custody Services
STATE STREET BANK & TRUST COMPANY,State Street Custody Services
STATE STREET BANK & TRUST COMPANY,State Street Custody Services
STATE STREET BANK &TRUST COMPANY,State Street Custody Services
STATE STREET BANK AND TRUST CO.,State Street Custody Services
STATE STREET BANK AND TRUST CO.,State Street Custody Services
STATE STREET BANK AND TRUST CO. NA BOSTON,State Street Custody Services
STATE STREET BANK AND TRUST CO. NA BOSTON,State Street Custody Services
STATE STREET BANK AND TRUST COMPANY,State Street Custody Services
STATE STREET BANK AND TRUST COMPANY,State Street Custody Services
STATE STREET BANK AND TRUST COMPANY,State Street Custody Services
STATE STREET BANK AND TRUST COMPANY,State Street Custody Services
STATE STREET BANK AND TRUST COMPANY,State Street Custody Services
STATE STREET BANK AND TRUST COMPANY,State Street Custody Services
STATE STREET BANK AND TRUST COMPANY,State Street Custody Services
STATE STREET BANK AND TRUST COMPANY,State Street Custody Services
STATE STREET BANK AND TRUST COMPANY,State Street Custody Services
STATE STREET BANK AND TRUST COMPANY,State Street Custody Services
STATE STREET BANK AND TRUST COMPANY,State Street Custody Services
STATE STREET BANK AND TRUST COMPANY,State Street Custody Services
STATE STREET BANK AND TRUST COMPANY,State Street Custody Services
STATE STREET BANK AND TRUST COMPANY,State Street Custody Services
STATE STREET BANK AND TRUST COMPANY,State Street Custody Services
STATE STREET BANK AND TRUST COMPANY,State Street Custody Services
STATE STREET BANK AND TRUST COMPANY,State Street Custody Services
STATE STREET BANK AND TRUST COMPANY,State Street Custody Services
STATE STREET BANK CAYMAN TRUST COMPANY LTD,State Street Custody Services
STATE STREET BANKING TRUST COMPANY,State Street Custody Services
STATE STREET CAYMAN TRUST LTD.,State Street Custody Services
STATE STREET CORPORATION,State Street Custody Services
STATE STREET CORPORATION,State Street Custody Services
STATE STREET CORPORATION,State Street Custody Services
STATE STREET CORPORATION,State Street Custody Services
STATE STREET CORPORATION,State Street Custody Services
STATE STREET CUSTODIAL SERVICES (IRELAND) LIMITED,State Street Custody Services
STATE STREET CUSTODIAL SERVICES (IRELAND) LIMITED,State Street Custody Services
"STATE STREET GLOBAL ADVISORS FUNDS DISTRIBUTORS, LLC",State Street Custody Services
"STATE STREET GLOBAL MARKETS, LLC",State Street Custody Services
"STATE STREET GLOBAL MARKETS, LLC",State Street Custody Services
"STATE STREET GLOBAL MARKETS, LLC",State Street Custody Services
STATE STREET INTERNATIONAL (IRELAND) LIMITED,State Street Custody Services
STIFEL FINANCIAL CORP.,Stifel Nicolaus & Company
"STIFEL, NICOLAUS & COMPANY, INCORPORATED",Stifel Nicolaus & Company
"STIFEL, NICOLAUS & COMPANY, INCORPORATED",Stifel Nicolaus & Company
"STIFEL, NICOLAUS & COMPANY, INCORPORATED",Stifel Nicolaus & Company
STOCKBROKERS MALAWI LIMITED,Stockbrokers Malawi
SUNTRUST BANK,SunTrust Banks
SUNTRUST BANK,SunTrust Banks
SUNTRUST BANK,SunTrust Banks
"SUNTRUST BANK, N.A.",SunTrust Banks
"SUNTRUST BANKS, INC.",SunTrust Banks
"SUNTRUST INVESTMENT SERVICES, INC.",SunTrust Banks
"SUNTRUST ROBINSON HUMPHREY, INC.",SunTrust Banks
SVENSKA HANDELSBANKEN AB,Svenska Handelsbanken
SWISSQUOTE BANK SA,Swissquote Bank
TADAWUL,Tadawul
TD AMERITRADE,TD Ameritrade
"TD AMERITRADE CLEARING, INC.",TD Ameritrade
TD AMERITRADE INSTITUTIONAL,TD Ameritrade
"TD AMERITRADE, INC.",TD Ameritrade
"TD AMERITRADE, INC.",TD Ameritrade
"TD AMERITRADE, INC.",TD Ameritrade
"TD AMERITRADE, INC.",TD Ameritrade
"TD AMERITRADE, INC.",TD Ameritrade
TD BANK,TD Bank
TD BANK,TD Bank
"TD BANK, N.A.",TD Bank
"TD BANK, N.A.",TD Bank
"TD BANK, N.A.",TD Bank
"TD BANK, N.A.",TD Bank
"TD BANK, N.A.",TD Bank
"TD BANK, NA",TD Bank
TD SECURITIES,TD Securities
TD SECURITIES INC.,TD Securities
TD SECURITIES INC.,TD Securities
TD SECURITIES INC.,TD Securities
TD SECURITIES INC.,TD Securities
TD SECURITIES INC.,TD Securities
TD SECURITIES INC.,TD Securities
TEXAS CAPITAL BANK,Texas Capital Bank
TEXAS CAPITAL BANK,Texas Capital Bank
TEXAS CAPITAL BANK N.A.,Texas Capital Bank
"TEXAS CAPITAL BANK, N.A.",Texas Capital Bank
"TEXAS CAPITAL BANK, N.A.",Texas Capital Bank
"TEXAS CAPITAL BANK, NA",Texas Capital Bank
THE BANK OF NEW YORK,BNY Mellon
THE BANK OF NEW YORK,BNY Mellon
THE BANK OF NEW YORK MELLON,BNY Mellon
THE BANK OF NEW YORK MELLON,BNY Mellon
THE BANK OF NEW YORK MELLON,BNY Mellon
THE BANK OF NEW YORK MELLON,BNY Mellon
THE BANK OF NEW YORK MELLON,BNY Mellon
THE BANK OF NEW YORK MELLON,BNY Mellon
THE BANK OF NEW YORK MELLON,BNY Mellon
THE BANK OF NEW YORK MELLON,BNY Mellon
THE BANK OF NEW YORK MELLON,BNY Mellon
THE BANK OF NEW YORK MELLON,BNY Mellon
THE BANK OF NEW YORK MELLON,BNY Mellon
THE BANK OF NEW YORK MELLON,BNY Mellon
THE BANK OF NEW YORK MELLON,BNY Mellon
THE BANK OF NEW YORK MELLON,BNY Mellon
THE BANK OF NEW YORK MELLON,BNY Mellon
THE BANK OF NEW YORK MELLON,BNY Mellon
THE BANK OF NEW YORK MELLON,BNY Mellon
THE BANK OF NEW YORK MELLON,BNY Mellon
THE BANK OF NEW YORK MELLON,BNY Mellon
THE BANK OF NEW YORK MELLON (AIS PRIME CUSTODY),BNY Mellon
THE BANK OF NEW YORK MELLON (AIS PRIME CUSTODY),BNY Mellon
THE BANK OF NEW YORK MELLON (LONDON BRANCH),BNY Mellon
THE BANK OF NEW YORK MELLON (LONDON BRANCH),BNY Mellon
THE BANK OF NEW YORK MELLON CORPORATION,BNY Mellon
THE BANK OF NEW YORK MELLON CORPORATION,BNY Mellon
THE BANK OF NEW YORK MELLON CORPORATION,BNY Mellon
THE BANK OF NEW YORK MELLON CORPORATION,BNY Mellon
THE BANK OF NEW YORK MELLON CORPORATION,BNY Mellon
THE BANK OF NEW YORK MELLON CORPORATION,BNY Mellon
THE BANK OF NEW YORK MELLON CORPORATION,BNY Mellon
THE BANK OF NEW YORK MELLON CORPORATION,BNY Mellon
"THE BANK OF NEW YORK MELLON SA/NV, LONDON BRANCH",BNY Mellon
"THE BANK OF NEW YORK MELLON TRUST COMPANY, N.A.",BNY Mellon
"THE BANK OF NEW YORK MELLON TRUST COMPANY, N.A.",BNY Mellon
"THE BANK OF NEW YORK MELLON TRUST COMPANY, NATIONAL ASSOCIATION",BNY Mellon
"THE BANK OF NEW YORK TRUST COMPANY, N.A.",BNY Mellon
THE NORTHERN TRUST CO.,Northern Trust Custody Services
THE NORTHERN TRUST COMPANY,Northern Trust Custody Services
THE NORTHERN TRUST COMPANY,Northern Trust Custody Services
THE NORTHERN TRUST COMPANY,Northern Trust Custody Services
THE NORTHERN TRUST COMPANY,Northern Trust Custody Services
THE NORTHERN TRUST COMPANY,Northern Trust Custody Services
THE NORTHERN TRUST COMPANY,Northern Trust Custody Services
THE NORTHERN TRUST COMPANY,Northern Trust Custody Services
THE NORTHERN TRUST COMPANY,Northern Trust Custody Services
THE NORTHERN TRUST COMPANY,Northern Trust Custody Services
THE NORTHERN TRUST COMPANY,Northern Trust Custody Services
THE NORTHERN TRUST INTERNATIONAL BANK CORP,Northern Trust Custody Services
THE NORTHERN TRUST INTERNATIONAL BANKING COPRORATION,Northern Trust Custody Services
THE NORTHERN TRUST INTERNATIONAL BANKING CORP,Northern Trust Custody Services
THE NORTHERN TRUST INTERNATIONAL BANKING CORP.,Northern Trust Custody Services
THE NORTHERN TRUST INTERNATIONAL BANKING CORP.,Northern Trust Custody Services
THE NORTHERN TRUST INTERNATIONAL BANKING CORP.,Northern Trust Custody Services
THE NORTHERN TRUST INTERNATIONAL BANKING CORP.,Northern Trust Custody Services
THE NORTHERN TRUST INTERNATIONAL BANKING CORP.,Northern Trust Custody Services
THE NORTHERN TRUST INTERNATIONAL BANKING CORPORATION,Northern Trust Custody Services
THE NORTHERN TRUST INTERNATIONAL BANKING CORPORATION,Northern Trust Custody Services
THE NORTHERN TRUST INTERNATIONAL BANKING CORPORATION,Northern Trust Custody Services
THE NORTHERN TRUST INTERNATIONAL BANKING CORPORATION,Northern Trust Custody Services
THE NORTHERN TRUST INTERNATIONAL BANKING CORPORATION,Northern Trust Custody Services
THE NORTHERN TRUST INTERNATIONAL BANKING CORPORATION,Northern Trust Custody Services
THE NORTHERN TRUST INTERNATIONAL BANKING CORPORATION,Northern Trust Custody Services
THE NORTHERN TRUST INTERNATIONAL BANKING CORPORATION,Northern Trust Custody Services
THE NORTHERN TRUST INTERNATIONAL BANKING CORPORATION,Northern Trust Custody Services
THE NORTHERN TRUST INTERNATIONAL BANKING CORPORATION,Northern Trust Custody Services
THE NORTHERN TRUST INTERNATIONAL BANKING CORPORATION,Northern Trust Custody Services
"THE NORTHERN TRUST INTERNATIONAL BANKING CORPORATION, NJ",Northern Trust Custody Services
THE NORTHERN TRUST INTERNATIONAL BANKING CRP,Northern Trust Custody Services
THE NORTHERN TRUST INT'L BANKING CORPORATION,Northern Trust Custody Services
THE NORTHERN TRUST INT'L BANKING CORPORATION,Northern Trust Custody Services
THE PICTET GROUP,Northern Trust Custody Services
THE PRIVATE BANK,The Private Bank
THE PRIVATE BANK,The Private Bank
THE PRIVATE BANK,The Private Bank
THE PRIVATE BANK,The Private Bank
THE PRIVATE BANK AND TRUST COMPANY,The Private Bank
THE PRIVATE BANK AND TRUST COMPANY,The Private Bank
THE PRIVATEBANK,The Private Bank
THE PRIVATEBANK,The Private Bank
THE PRIVATEBANK AND TRUST COMPANY,The PrivateBank and Trust
THE PRIVATEBANK AND TRUST COMPANY,The PrivateBank and Trust
THE PRIVATEBANK AND TRUST COMPANY,The PrivateBank and Trust
THE ROYAL BANK OF SCOTLAND PLC,Royal Bank of Scotland
THE ROYAL BANK OF SCOTLAND PLC,Royal Bank of Scotland
THE ROYAL BANK OF SCOTLAND PLC,Royal Bank of Scotland
THE ROYAL BANK OF SCOTLAND PLC,Royal Bank of Scotland
THE ROYAL BANK OF SCOTLAND PLC,Royal Bank of Scotland
THE ROYAL BANK OF SCOTLAND PLC,Royal Bank of Scotland
THE ROYAL BANK OF SCOTLAND PLC,Royal Bank of Scotland
TRINIDAD & TOBAGO CENTRAL DEPOSITORY,Trinidad and Tobago Central Depository
TRINIDAD & TOBAGO CENTRAL DEPOSITORY,Trinidad and Tobago Central Depository
TUTUNSKA BANKA,NLB Tutunska banka
U.S. BANCORP,US Bancorp Fund Services
U.S. BANCORP,US Bancorp Fund Services
U.S. BANCORP,US Bancorp Fund Services
U.S. BANCORP,US Bancorp Fund Services
U.S. BANCORP,US Bancorp Fund Services
"U.S. BANCORP FUND SERVICES, LLC",US Bancorp Fund Services
"U.S. BANCORP INVESTMENTS, INC.",US Bancorp Fund Services
U.S. BANK INSTITUTIONAL TRUST & CUSTODY,U.S. Bank Institutional Trust & Custody
U.S. BANK INSTITUTIONAL TRUST & CUSTODY,U.S. Bank Institutional Trust & Custody
U.S. BANK INSTITUTIONAL TRUST & CUSTODY,U.S. Bank Institutional Trust & Custody
U.S. BANK INSTITUTIONAL TRUST & CUSTODY,U.S. Bank Institutional Trust & Custody
U.S. BANK N.A.,U.S. Bank National Association
U.S. BANK N.A.,U.S. Bank National Association
U.S. BANK NATIONAL ASSOCIATION,U.S. Bank National Association
U.S. BANK NATIONAL ASSOCIATION,U.S. Bank National Association
U.S. BANK NATIONAL ASSOCIATION,U.S. Bank National Association
U.S. BANK NATIONAL ASSOCIATION,U.S. Bank National Association
U.S. BANK NATIONAL ASSOCIATION,U.S. Bank National Association
U.S. BANK NATIONAL ASSOCIATION,U.S. Bank National Association
U.S. BANK NATIONAL ASSOCIATION,U.S. Bank National Association
U.S. BANK NATIONAL ASSOCIATION,U.S. Bank National Association
U.S. BANK NATIONAL BANK,U.S. Bank National Association
"U.S. BANK, N.A.",U.S. Bank National Association
"U.S. BANK, N.A.",U.S. Bank National Association
"U.S. BANK, NA",U.S. Bank National Association
"U.S. BANK, NA, INSTITUTIONAL TRUST & CUSTODY",U.S. Bank Institutional Trust & Custody
"U.S. BANK, NATIONAL ASSOCIATION",U.S. Bank National Association
"U.S. BANK, NATIONAL ASSOCIATION",U.S. Bank National Association
UBS,UBS
UBS AG,UBS
UBS AG,UBS
UBS AG,UBS
UBS AG,UBS
UBS AG,UBS
UBS AG,UBS
UBS AG,UBS
UBS AG,UBS
UBS AG,UBS
UBS AG,UBS
UBS AG,UBS
UBS AG,UBS
UBS AG,UBS
UBS AG,UBS
UBS AG,UBS
UBS AG,UBS
UBS AG,UBS
UBS AG,UBS
UBS AG,UBS
UBS AG,UBS
UBS AG,UBS
UBS AG,UBS
UBS AG,UBS
UBS AG (LONDON),UBS
UBS AG LONDON,UBS
"UBS AG, LONDON BRANCH",UBS
"UBS AG, LONDON BRANCH",UBS
"UBS AG, LONDON BRANCH",UBS
"UBS AG, LONDON BRANCH",UBS
"UBS AG, LONDON BRANCH",UBS
"UBS AG, SINGAPORE BRANCH",UBS
UBS BRASIL CORRETORA DE CAMBIO,UBS
UBS FINANCIAL SERVICES,UBS
UBS FINANCIAL SERVICES INC.,UBS
UBS FINANCIAL SERVICES INC.,UBS
UBS FINANCIAL SERVICES INC.,UBS
UBS FINANCIAL SERVICES INC.,UBS
UBS FINANCIAL SERVICES INC.,UBS
UBS FINANCIAL SERVICES INC.,UBS
UBS FINANCIAL SERVICES INC.,UBS
UBS FINANCIAL SERVICES INC.,UBS
"UBS FINANCIAL SERVICES, INC.",UBS
UBS LIMITED,UBS
UBS LIMITED,UBS
UBS SECURITIES AG,UBS
UBS SECURITIES AG,UBS
UBS SECURITIES AUSTRALIA LIMITED,UBS
UBS SECURITIES LLC,UBS
UBS SECURITIES LLC,UBS
UBS SECURITIES LLC,UBS
UBS SECURITIES LLC,UBS
UBS SECURITIES LLC,UBS
UBS SECURITIES LLC,UBS
UBS SECURITIES LLC,UBS
UBS SECURITIES LLC,UBS
UBS SECURITIES LLC,UBS
UBS SECURITIES LLC,UBS
UBS SECURITIES LLC,UBS
UBS SECURITIES LLC,UBS
UBS SECURITIES LLC,UBS
UBS SECURITIES LLC,UBS
UBS SECURITIES LLC,UBS
UBS SECURITIES LLC,UBS
UBS SECURITIES LLC,UBS
UBS SECURITIES LLC,UBS
UBS SECURITIES LLC,UBS
UBS SECURITIES LLC,UBS
UBS SECURITIES LLC,UBS
UBS SECURITIES LLC,UBS
UBS SECURITIES LLC,UBS
UBS SECURITIES LLC,UBS
UBS SECURITIES LLC,UBS
UBS SWITZERLAND AG,UBS
UBS SWITZERLAND AG,UBS
"UBS, AG",UBS
"UBS, AG",UBS
"UBS, AG",UBS
US BANCORP FUND SERVICES,US Bancorp Fund Services
"US BANCORP FUND SERVICES, LLC",US Bancorp Fund Services
"US BANCORP FUND SERVICES, LLC",US Bancorp Fund Services
US BANK N.A.,U.S. Bank National Association
US BANK N.A.,U.S. Bank National Association
US BANK NA,U.S. Bank National Association
US BANK NA,U.S. Bank National Association
US BANK NATIONAL ASSOCIATION,U.S. Bank National Association
US BANK NATIONAL ASSOCIATION,U.S. Bank National Association
"US BANK, NA",U.S. Bank National Association
"US BANK, NA",U.S. Bank National Association
"US BANK, NA",U.S. Bank National Association
"US BANK, NATIONAL ASSOCIATION",U.S. Bank National Association
"US BANK, NATIONAL ASSOCIATION",U.S. Bank National Association
"US BANK, NATIONAL ASSOCIATION",U.S. Bank National Association
US BANKCORP,US Bancorp Fund Services
VANGUARD CAPITAL,Vanguard Marketing Corporation
VANGUARD CAPITAL,Vanguard Marketing Corporation
VANGUARD CAPITAL,Vanguard Marketing Corporation
VANGUARD MARKETING CORPORATION,Vanguard Marketing Corporation
V-BANK AG,V-Bank
VICTOR PAULLIER & CIA.,Victor Paullier & Cia
WEDBUSH SECURITIES INC.,Wedbush Securities
WEDBUSH SECURITIES INC.,Wedbush Securities
WEDBUSH SECURITIES INC.,Wedbush Securities
WEDBUSH SECURITIES INC.,Wedbush Securities
WEDBUSH SECURITIES INC.,Wedbush Securities
"WEDBUSH SECURITIES, INC.",Wedbush Securities
"WEEDEN PRIME SERVICES, LLC.",Weeden Prime Services
WELLS FARGO,Wells Fargo
WELLS FARGO,Wells Fargo
WELLS FARGO,Wells Fargo
WELLS FARGO,Wells Fargo
WELLS FARGO & CO.,Wells Fargo
WELLS FARGO & CO.,Wells Fargo
WELLS FARGO & COMPANY,Wells Fargo
"WELLS FARGO ADVISORS, LLC",Wells Fargo Advisors
WELLS FARGO BANK,Wells Fargo
WELLS FARGO BANK,Wells Fargo
WELLS FARGO BANK,Wells Fargo
WELLS FARGO BANK,Wells Fargo
WELLS FARGO BANK,Wells Fargo
WELLS FARGO BANK N.A,Wells Fargo
WELLS FARGO BANK N.A.,Wells Fargo
WELLS FARGO BANK N.A.,Wells Fargo
WELLS FARGO BANK N.A.,Wells Fargo
WELLS FARGO BANK N.A.,Wells Fargo
WELLS FARGO BANK N.A.,Wells Fargo
WELLS FARGO BANK N.A.,Wells Fargo
WELLS FARGO BANK N.A.,Wells Fargo
WELLS FARGO BANK NA,Wells Fargo
WELLS FARGO BANK NA,Wells Fargo
WELLS FARGO BANK NA,Wells Fargo
WELLS FARGO BANK NA,Wells Fargo
"WELLS FARGO BANK, N.A",Wells Fargo
"WELLS FARGO BANK, N.A.",Wells Fargo
"WELLS FARGO BANK, N.A.",Wells Fargo
"WELLS FARGO BANK, N.A.",Wells Fargo
"WELLS FARGO BANK, N.A.",Wells Fargo
"WELLS FARGO BANK, N.A.",Wells Fargo
"WELLS FARGO BANK, N.A.",Wells Fargo
"WELLS FARGO BANK, N.A.",Wells Fargo
"WELLS FARGO BANK, N.A.",Wells Fargo
"WELLS FARGO BANK, N.A.",Wells Fargo
"WELLS FARGO BANK, N.A.",Wells Fargo
"WELLS FARGO BANK, N.A.",Wells Fargo
"WELLS FARGO BANK, N.A.",Wells Fargo
"WELLS FARGO BANK, N.A.",Wells Fargo
"WELLS FARGO BANK, N.A.",Wells Fargo
"WELLS FARGO BANK, N.A.",Wells Fargo
"WELLS FARGO BANK, N.A.",Wells Fargo
"WELLS FARGO BANK, N.A.",Wells Fargo
"WELLS FARGO BANK, N.A.",Wells Fargo
"WELLS FARGO BANK, N.A.",Wells Fargo
"WELLS FARGO BANK, N.A.",Wells Fargo
"WELLS FARGO BANK, NA",Wells Fargo
"WELLS FARGO BANK, NA",Wells Fargo
"WELLS FARGO BANK, NA",Wells Fargo
"WELLS FARGO BANK, NA",Wells Fargo
"WELLS FARGO BANK, NA",Wells Fargo
"WELLS FARGO BANK, NA",Wells Fargo
"WELLS FARGO BANK, NATIONAL ASSOCIATION",Wells Fargo
"WELLS FARGO BANK, NATIONAL ASSOCIATION",Wells Fargo
"WELLS FARGO BANK, NATIONAL ASSOCIATION",Wells Fargo
"WELLS FARGO BANK, NATIONAL ASSOCIATION",Wells Fargo
"WELLS FARGO BANK, NATIONAL ASSOCIATION",Wells Fargo
"WELLS FARGO CLEARING SERVICES, LLC",Wells Fargo
"WELLS FARGO CLEARING SERVICES, LLC",Wells Fargo
"WELLS FARGO CLEARING SERVICES, LLC",Wells Fargo
WELLS FARGO COMPANY,Wells Fargo
WELLS FARGO INSTITUTIONAL RETIREMENT AND TRUST,Wells Fargo
WELLS FARGO INSTITUTIONAL RETIREMENT AND TRUST,Wells Fargo
WELLS FARGO INSTITUTIONAL RETIREMENT AND TRUST,Wells Fargo
WELLS FARGO INSTITUTIONAL RETIREMENT AND TRUST,Wells Fargo
WELLS FARGO INSTITUTIONAL TRUST,Wells Fargo
WELLS FARGO N.A.,Wells Fargo
WELLS FARGO PRIME SERVICES,Wells Fargo
WELLS FARGO PRIME SERVICES LLC,Wells Fargo
"WELLS FARGO PRIME SERVICES, LLC",Wells Fargo
"WELLS FARGO PRIME SERVICES, LLC",Wells Fargo
"WELLS FARGO PRIME SERVICES, LLC",Wells Fargo
"WELLS FARGO PRIME SERVICES, LLC",Wells Fargo
"WELLS FARGO PRIME SERVICES, LLC",Wells Fargo
"WELLS FARGO PRIME SERVICES, LLC",Wells Fargo
"WELLS FARGO PRIME SERVICES, LLC",Wells Fargo
"WELLS FARGO PRIME SERVICES, LLC",Wells Fargo
"WELLS FARGO PRIME SERVICES, LLC",Wells Fargo
"WELLS FARGO PRIME SERVICES, LLC",Wells Fargo
"WELLS FARGO PRIME SERVICES, LLC",Wells Fargo
WELLS FARGO PRIVATE BANK,Wells Fargo
WELLS FARGO SECURITIES,Wells Fargo
WELLS FARGO SECURITIES,Wells Fargo
WELLS FARGO SECURITIES,Wells Fargo
WELLS FARGO SECURITIES INC.,Wells Fargo
WELLS FARGO SECURITIES INC.,Wells Fargo
WELLS FARGO SECURITIES INC.,Wells Fargo
"WELLS FARGO SECURITIES, LLC",Wells Fargo
"WELLS FARGO SECURITIES, LLC",Wells Fargo
"WELLS FARGO SECURITIES, LLC",Wells Fargo
"WELLS FARGO SECURITIES, LLC",Wells Fargo
"WELLS FARGO SECURITIES, LLC",Wells Fargo
"WELLS FARGO SECURITIES, LLC",Wells Fargo
"WELLS FARGO SECURITIES, LLC",Wells Fargo
"WELLS FARGO SECURITIES, LLC",Wells Fargo
"WELLS FARGO SECURITIES, LLC",Wells Fargo
"WELLS FARGO SECURITIES, LLC",Wells Fargo
"WELLS FARGO SECURITIES, LLC",Wells Fargo
"WELLS FARGO SECURITIES, LLC",Wells Fargo
"WELLS FARGO SECURITIES, LLC",Wells Fargo
"WELLS FARGO SECURITIES, LLC",Wells Fargo
"WELLS FARGO SECURITIES, LLC",Wells Fargo
WELLS FARGO TRUST,Wells Fargo
"WELLS FARGO, N.A.",Wells Fargo
"WELLS FARGO, N.A. CORPORATE TRUST & ESCROW SERVICES",Wells Fargo
"WELLS FARGO, N.A., CORPORATE TRUST & ESCROW SERVICES",Wells Fargo
WILMINGTON TRUST,Wilmington Trust
WILMINGTON TRUST,Wilmington Trust
WILMINGTON TRUST COMPANY,Wilmington Trust
WILMINGTON TRUST COMPANY,Wilmington Trust
"WINSLOW, EVANS & CROCKER, INC.","Winslow, Evans & Crocker Inc."
WINTRUST BANK,Wintrust Bank
WINTRUST BANK,Wintrust Bank
WINTRUST FINANCIAL,Wintrust Bank
WINTRUST FINANCIAL CORPORATION,Wintrust Bank
WINTRUST FUNDS GROUP,Wintrust Bank
